;filename;components;SMILES;cas;InChI;Temperature, K;Pressure, kPa;Molar enthalpy of vaporization or sublimation, kJ/mol;Molar enthalpy of vaporization or sublimation, kJ/mol_std
114275;j.jct.2007.06.015;cis-1,4-cyclohexanediamine;N[C@H]1CC[C@@H](N)CC1;15827-56-2;InChIKey=VKIRRGRTJUUZHS-OLQVQODUSA-N;298.15;;62.2;
114751;j.jct.2007.06.020;2-thiophenecarbonitrile;N#Cc1sccc1;1003-31-2;InChIKey=CUPOOAWTRIURFT-UHFFFAOYSA-N;298.15;;49.5;1.1
114752;j.jct.2007.06.020;3-thiophenecarbonitrile;N#Cc1cscc1;1641-09-4;InChIKey=GSXCEVHRIVLFJV-UHFFFAOYSA-N;298.15;;51.6;1.9
114753;j.jct.2007.06.020;2-thiopheneacetonitrile;N#CCc1sccc1;20893-30-5;InChIKey=CLSHQIDDCJTHAJ-UHFFFAOYSA-N;298.15;;60.5;1.3
114754;j.jct.2007.06.020;3-thiopheneacetonitrile;N#CCc1cscc1;13781-53-8;InChIKey=GWZCLMWEJWPFFA-UHFFFAOYSA-N;298.15;;61.1;1.3
114755;j.jct.2007.06.020;3-methylthiophene-2-carbonitrile;Cc1ccsc1C#N;55406-13-8;InChIKey=ALZHYEITUZEZMT-UHFFFAOYSA-N;298.15;;54.4;1.2
118430;j.jct.2007.09.001;3-methylpyrazole;Cc1cc[nH]n1;1453-58-3;InChIKey=XKVUYEYANWFIJX-UHFFFAOYSA-N;298.15;;65.9;2.0
120307;j.jct.2007.10.001;o-chloroanisole;COc1ccccc1Cl;766-51-8;InChIKey=QGRPVMLBTFGQDQ-UHFFFAOYSA-N;298.15;;55.0;0.8
120308;j.jct.2007.10.001;m-chloroanisole;COc1cccc(Cl)c1;2845-89-8;InChIKey=YUKILTJWFRTXGB-UHFFFAOYSA-N;298.15;;53.6;0.8
120309;j.jct.2007.10.001;p-chloroanisole;COc1ccc(Cl)cc1;623-12-1;InChIKey=YRGAYAGBVIXNAQ-UHFFFAOYSA-N;298.15;;54.8;0.8
132897;j.jct.2008.02.003;benzene, 2,4-dichloro-1-methoxy-;COc1ccc(Cl)cc1Cl;553-82-2;InChIKey=CICQUFBZCADHHX-UHFFFAOYSA-N;298.15;;62.8;
132899;j.jct.2008.02.003;2,6-dichloroanisole;COc1c(Cl)cccc1Cl;1984-65-2;InChIKey=KZLMCDNAVVJKPX-UHFFFAOYSA-N;298.15;;56.1;
132905;j.jct.2008.02.004;2-thiophenecarboxaldehyde;O=Cc1sccc1;98-03-3;InChIKey=CNUDBTRUORMMPA-UHFFFAOYSA-N;298.15;;54.9;
132907;j.jct.2008.02.004;3-thiophenecarboxaldehyde;O=Cc1cscc1;498-62-4;InChIKey=RBIGKSZIQCTIJF-UHFFFAOYSA-N;298.15;;52.6;
132909;j.jct.2008.02.004;5-methyl-2-thiophenecarboxaldehyde;Cc1sc(C=O)cc1;13679-70-4;InChIKey=VAUMDUIUEPIGHM-UHFFFAOYSA-N;298.15;;56.2;
132911;j.jct.2008.02.004;3-methyl-2-thiophenecarboxaldehyde;Cc1ccsc1C=O;5834-16-2;InChIKey=BSQKBHXYEKVKMN-UHFFFAOYSA-N;298.15;;57.7;
132913;j.jct.2008.02.004;2-thiophenecarboxaldehyde, 5-ethyl-;CCc1sc(C=O)cc1;36880-33-8;InChIKey=CLQXZICUPGZTPE-UHFFFAOYSA-N;298.15;;62.2;
134823;j.jct.2008.03.008;2-acetyl-3-methylthiophene;CC(=O)c1sccc1C;13679-72-6;InChIKey=YBJDKNXEWQSGEL-UHFFFAOYSA-N;298.15;;57.1;2.4
134825;j.jct.2008.03.008;2-acetyl-4-methylthiophene;CC(=O)c1scc(C)c1;13679-73-7;InChIKey=NFZNHUNPIJPRMP-UHFFFAOYSA-N;298.15;;63.0;2.6
134827;j.jct.2008.03.008;2-acetyl-5-methylthiophene;CC(=O)c1sc(C)cc1;13679-74-8;InChIKey=YOSDTJYMDAEEAZ-UHFFFAOYSA-N;298.15;;62.0;2.6
136062;j.jct.2008.04.005;2,5-dimethylthiophene;Cc1sc(C)cc1;638-02-8;InChIKey=GWQOOADXMVQEFT-UHFFFAOYSA-N;298.15;;40.2;0.9
136064;j.jct.2008.04.005;3-acetyl-2,5-dimethylthiophene;CC(=O)c1cc(C)sc1C;2530-10-1;InChIKey=PUSJAEJRDNPYKM-UHFFFAOYSA-N;298.15;;61.3;1.3
136857;j.jct.2008.04.010;1-phenylnaphthalene;c1ccc(cc1)c2cccc3ccccc23;605-02-7;InChIKey=IYDMICQAKLQHLA-UHFFFAOYSA-N;298.15;;81.0;1.8
141293;j.jct.2008.06.019;.beta.-tetralone;O=C1CCc2ccccc2C1;530-93-8;InChIKey=KCKZIWSINLBROE-UHFFFAOYSA-N;298.15;;73.0;1.1
142907;j.jct.2008.08.004;2-furonitrile;N#Cc1occc1;617-90-3;InChIKey=YXDXXGXWFJCXEB-UHFFFAOYSA-N;298.15;;44.8;0.4
142909;j.jct.2008.08.004;2-acetylfuran;CC(=O)c1occc1;80145-44-4;InChIKey=IEMMBWWQXVXBEU-UHFFFAOYSA-N;298.15;;53.0;0.6
142911;j.jct.2008.08.004;3-furaldehyde;O=Cc1cocc1;498-60-2;InChIKey=AZVSIHIBYRHSLB-UHFFFAOYSA-N;298.15;;48.1;0.5
146021;j.jct.2008.09.012;o-fluoroanisole;COc1ccccc1F;321-28-8;InChIKey=JIXDOBAQOWOUPA-UHFFFAOYSA-N;298.15;;52.2;
146023;j.jct.2008.09.012;m-fluoroanisole;COc1cccc(F)c1;456-49-5;InChIKey=MFJNOXOAIFNSBX-UHFFFAOYSA-N;298.15;;48.1;
146025;j.jct.2008.09.012;p-fluoroanisole;COc1ccc(F)cc1;459-60-9;InChIKey=VIPWUFMFHBIKQI-UHFFFAOYSA-N;298.15;;48.7;
146087;j.jct.2008.09.013;2-furanacrylonitrile;N#CC=Cc1occc1;7187-01-1;InChIKey=ZHKAQNFBQHPERX-UHFFFAOYSA-N;298.15;;65.2;
152501;j.jct.2008.11.008;o-bromoanisole;COc1ccccc1Br;578-57-4;InChIKey=HTDQSWDEWGSAMN-UHFFFAOYSA-N;298.15;;61.8;1.3
152503;j.jct.2008.11.008;m-bromoanisole;COc1cccc(Br)c1;2398-37-0;InChIKey=PLDWAJLZAAHOGG-UHFFFAOYSA-N;298.15;;58.0;1.2
152505;j.jct.2008.11.008;p-bromoanisole;COc1ccc(Br)cc1;104-92-7;InChIKey=QJPJQTDYNZXKQF-UHFFFAOYSA-N;298.15;;58.3;1.2
155782;j.jct.2008.12.015;1,1'-biphenyl, 4-(1,1-dimethylethyl)-;CC(C)(C)c1ccc(cc1)c2ccccc2;1625-92-9;InChIKey=CDOYZTOFTGTGBC-UHFFFAOYSA-N;334.0;;76.97;
158493;j.jct.2009.03.007;ethyl 2-thiophenecarboxylate;CCOC(=O)c1sccc1;2810-04-0;InChIKey=JZGZKRJVTIRPOK-UHFFFAOYSA-N;298.15;;56.6;1.3
158495;j.jct.2009.03.007;ethyl 2-thiopheneacetate;CCOC(=O)Cc1sccc1;57382-97-5;InChIKey=QSUANHXENVRFDN-UHFFFAOYSA-N;298.15;;61.8;1.3
158497;j.jct.2009.03.007;ethyl 3-thiopheneacetate;CCOC(=O)Cc1cscc1;37784-63-7;InChIKey=FZBNQIWPYCUPAP-UHFFFAOYSA-N;298.15;;63.2;1.3
158499;j.jct.2009.03.007;methyl 2-thiophenecarboxylate;COC(=O)c1sccc1;5380-42-7;InChIKey=PGBFYLVIMDQYMS-UHFFFAOYSA-N;298.15;;57.6;1.2
160521;j.jct.2009.04.017;phenol, 2-bromo-;Oc1ccccc1Br;95-56-7;InChIKey=VADKRMSMGWJZCF-UHFFFAOYSA-N;298.15;;55.5;1.3
160522;j.jct.2009.04.017;phenol, 2-bromo-;Oc1ccccc1Br;95-56-7;InChIKey=VADKRMSMGWJZCF-UHFFFAOYSA-N;329.2;;55.5;
162811;j.jct.2009.05.018;1-methylindole;Cn1ccc2ccccc12;603-76-9;InChIKey=BLRHMMGNCXNXJL-UHFFFAOYSA-N;298.15;;62.2;1.6
169219;j.jct.2009.07.011;2,4-Difluorophenol;Oc1ccc(F)cc1F;367-27-1;InChIKey=NVWVWEWVLBKPSM-UHFFFAOYSA-N;298.15;;58.8;
173972;j.jct.2009.09.003;N,N'-dimethylpiperazine;CN1CCN(C)CC1;106-58-1;InChIKey=RXYPXQSKLGGKOL-UHFFFAOYSA-N;298.15;;41.2;0.4
173991;j.jct.2009.09.003;N-(2-aminoethyl)piperazine;NCCN1CCNCC1;140-31-8;InChIKey=IMUDHTPIFIBORV-UHFFFAOYSA-N;298.15;;68.7;0.3
174014;j.jct.2009.09.003;1-(2-Aminoethyl)-4-methyl-piperazine;CN1CCN(CCN)CC1;934-98-5;InChIKey=GOWUDHPKGOIDIX-UHFFFAOYSA-N;298.15;;64.0;0.2
174032;j.jct.2009.09.003;triethylenetetramine;NCCNCCNCCN;112-24-3;InChIKey=VILCJCGEZXAXTO-UHFFFAOYSA-N;298.15;;84.7;0.3
177242;j.jct.2009.11.013;2(5H)-furanone;O=C1OCC=C1;497-23-4;InChIKey=VIHAEDVKXSOUAT-UHFFFAOYSA-N;329.0;;58.3;0.1
177244;j.jct.2009.11.013;2(5H)-thiophenone;O=C1SCC=C1;3354-32-3;InChIKey=NMSLUAZZTFUUFZ-UHFFFAOYSA-N;376.0;;63.8;0.2
199656;j.jct.2010.09.005;2',5'-dichloroacetophenone;CC(=O)c1cc(Cl)ccc1Cl;2476-37-1;InChIKey=CYNFEPKQDJHIMV-UHFFFAOYSA-N;298.15;;66.3;1.5
226432;j.jct.2011.05.028;2-azidoethanol;OCCN=[N+]=[N-];1517-05-1;InChIKey=BSULWPSUVMOMAN-UHFFFAOYSA-N;298.15;;62.2;0.3
226460;j.jct.2011.05.028;azidoacetonitrile;[N-]=[N+]=NCC#N;57707-64-9;InChIKey=SOUAUNWBTJIQRT-UHFFFAOYSA-N;298.15;;52.6;0.2
226482;j.jct.2011.05.028;cyclopentyl azide;[N-]=[N+]=NC1CCCC1;33670-50-7;InChIKey=SSJIACUDWJVGLB-UHFFFAOYSA-N;298.15;;41.3;0.4
226511;j.jct.2011.05.028;cyclohexane, azido-;[N-]=[N+]=NC1CCCCC1;19573-22-9;InChIKey=ODSNIGPBQIINLA-UHFFFAOYSA-N;298.15;;49.2;0.5
226528;j.jct.2011.05.028;cyclopentyl acetate;CC(=O)OC1CCCC1;933-05-1;InChIKey=YFPCLQKFNXUAAK-UHFFFAOYSA-N;298.15;;48.5;0.5
229020;j.jct.2011.06.008;trimethylenediamine;NCCCN;68333-86-8;InChIKey=XFNJVJPLKCPIBV-UHFFFAOYSA-N;278.6;;51.3;2.565
229021;j.jct.2011.06.008;trimethylenediamine;NCCCN;68333-86-8;InChIKey=XFNJVJPLKCPIBV-UHFFFAOYSA-N;283.7;;50.97;2.5485
229022;j.jct.2011.06.008;trimethylenediamine;NCCCN;68333-86-8;InChIKey=XFNJVJPLKCPIBV-UHFFFAOYSA-N;288.3;;50.68;2.534
229023;j.jct.2011.06.008;trimethylenediamine;NCCCN;68333-86-8;InChIKey=XFNJVJPLKCPIBV-UHFFFAOYSA-N;293.4;;50.36;2.518
229024;j.jct.2011.06.008;trimethylenediamine;NCCCN;68333-86-8;InChIKey=XFNJVJPLKCPIBV-UHFFFAOYSA-N;298.6;;50.03;2.5015
229025;j.jct.2011.06.008;trimethylenediamine;NCCCN;68333-86-8;InChIKey=XFNJVJPLKCPIBV-UHFFFAOYSA-N;303.2;;49.74;2.487
229026;j.jct.2011.06.008;trimethylenediamine;NCCCN;68333-86-8;InChIKey=XFNJVJPLKCPIBV-UHFFFAOYSA-N;308.2;;49.42;2.471
229027;j.jct.2011.06.008;trimethylenediamine;NCCCN;68333-86-8;InChIKey=XFNJVJPLKCPIBV-UHFFFAOYSA-N;313.2;;49.1;2.455
229028;j.jct.2011.06.008;trimethylenediamine;NCCCN;68333-86-8;InChIKey=XFNJVJPLKCPIBV-UHFFFAOYSA-N;318.2;;48.79;2.4395
229029;j.jct.2011.06.008;trimethylenediamine;NCCCN;68333-86-8;InChIKey=XFNJVJPLKCPIBV-UHFFFAOYSA-N;323.1;;48.47;2.4235
229030;j.jct.2011.06.008;trimethylenediamine;NCCCN;68333-86-8;InChIKey=XFNJVJPLKCPIBV-UHFFFAOYSA-N;328.1;;48.15;2.4075
229031;j.jct.2011.06.008;trimethylenediamine;NCCCN;68333-86-8;InChIKey=XFNJVJPLKCPIBV-UHFFFAOYSA-N;333.1;;47.84;2.392
229032;j.jct.2011.06.008;trimethylenediamine;NCCCN;68333-86-8;InChIKey=XFNJVJPLKCPIBV-UHFFFAOYSA-N;338.1;;47.52;2.376
229055;j.jct.2011.06.008;1,4-butanediamine;NCCCCN;1071-98-3;InChIKey=KIDHWZJUCRJVML-UHFFFAOYSA-N;300.7;;55.05;2.7525
229056;j.jct.2011.06.008;1,4-butanediamine;NCCCCN;1071-98-3;InChIKey=KIDHWZJUCRJVML-UHFFFAOYSA-N;303.2;;54.87;2.7435
229057;j.jct.2011.06.008;1,4-butanediamine;NCCCCN;1071-98-3;InChIKey=KIDHWZJUCRJVML-UHFFFAOYSA-N;303.2;;54.87;2.7435
229058;j.jct.2011.06.008;1,4-butanediamine;NCCCCN;1071-98-3;InChIKey=KIDHWZJUCRJVML-UHFFFAOYSA-N;303.2;;54.87;2.7435
229059;j.jct.2011.06.008;1,4-butanediamine;NCCCCN;1071-98-3;InChIKey=KIDHWZJUCRJVML-UHFFFAOYSA-N;308.2;;54.51;2.7255
229060;j.jct.2011.06.008;1,4-butanediamine;NCCCCN;1071-98-3;InChIKey=KIDHWZJUCRJVML-UHFFFAOYSA-N;310.1;;54.37;2.7185
229061;j.jct.2011.06.008;1,4-butanediamine;NCCCCN;1071-98-3;InChIKey=KIDHWZJUCRJVML-UHFFFAOYSA-N;310.1;;54.37;2.7185
229062;j.jct.2011.06.008;1,4-butanediamine;NCCCCN;1071-98-3;InChIKey=KIDHWZJUCRJVML-UHFFFAOYSA-N;313.1;;54.15;2.7075
229063;j.jct.2011.06.008;1,4-butanediamine;NCCCCN;1071-98-3;InChIKey=KIDHWZJUCRJVML-UHFFFAOYSA-N;317.2;;53.86;2.693
229064;j.jct.2011.06.008;1,4-butanediamine;NCCCCN;1071-98-3;InChIKey=KIDHWZJUCRJVML-UHFFFAOYSA-N;317.2;;53.86;2.693
229065;j.jct.2011.06.008;1,4-butanediamine;NCCCCN;1071-98-3;InChIKey=KIDHWZJUCRJVML-UHFFFAOYSA-N;318.2;;53.79;2.6895
229066;j.jct.2011.06.008;1,4-butanediamine;NCCCCN;1071-98-3;InChIKey=KIDHWZJUCRJVML-UHFFFAOYSA-N;323.2;;53.43;2.6715
229067;j.jct.2011.06.008;1,4-butanediamine;NCCCCN;1071-98-3;InChIKey=KIDHWZJUCRJVML-UHFFFAOYSA-N;324.2;;53.36;2.668
229068;j.jct.2011.06.008;1,4-butanediamine;NCCCCN;1071-98-3;InChIKey=KIDHWZJUCRJVML-UHFFFAOYSA-N;324.2;;53.36;2.668
229069;j.jct.2011.06.008;1,4-butanediamine;NCCCCN;1071-98-3;InChIKey=KIDHWZJUCRJVML-UHFFFAOYSA-N;328.1;;53.07;2.6535
229070;j.jct.2011.06.008;1,4-butanediamine;NCCCCN;1071-98-3;InChIKey=KIDHWZJUCRJVML-UHFFFAOYSA-N;331.2;;52.85;2.6425
229071;j.jct.2011.06.008;1,4-butanediamine;NCCCCN;1071-98-3;InChIKey=KIDHWZJUCRJVML-UHFFFAOYSA-N;331.2;;52.86;2.643
229072;j.jct.2011.06.008;1,4-butanediamine;NCCCCN;1071-98-3;InChIKey=KIDHWZJUCRJVML-UHFFFAOYSA-N;333.1;;52.72;2.636
229073;j.jct.2011.06.008;1,4-butanediamine;NCCCCN;1071-98-3;InChIKey=KIDHWZJUCRJVML-UHFFFAOYSA-N;338.2;;52.35;2.6175
229074;j.jct.2011.06.008;1,4-butanediamine;NCCCCN;1071-98-3;InChIKey=KIDHWZJUCRJVML-UHFFFAOYSA-N;338.2;;52.35;2.6175
229075;j.jct.2011.06.008;1,4-butanediamine;NCCCCN;1071-98-3;InChIKey=KIDHWZJUCRJVML-UHFFFAOYSA-N;338.2;;52.35;2.6175
229076;j.jct.2011.06.008;1,4-butanediamine;NCCCCN;1071-98-3;InChIKey=KIDHWZJUCRJVML-UHFFFAOYSA-N;345.2;;51.84;2.592
229119;j.jct.2011.06.008;1,5-diaminopentane;NCCCCCN;462-94-2;InChIKey=VHRGRCVQAFMJIZ-UHFFFAOYSA-N;293.2;;58.67;2.9335
229120;j.jct.2011.06.008;1,5-diaminopentane;NCCCCCN;462-94-2;InChIKey=VHRGRCVQAFMJIZ-UHFFFAOYSA-N;293.3;;58.66;2.933
229121;j.jct.2011.06.008;1,5-diaminopentane;NCCCCCN;462-94-2;InChIKey=VHRGRCVQAFMJIZ-UHFFFAOYSA-N;293.3;;58.66;2.933
229122;j.jct.2011.06.008;1,5-diaminopentane;NCCCCCN;462-94-2;InChIKey=VHRGRCVQAFMJIZ-UHFFFAOYSA-N;296.9;;58.37;2.9185
229123;j.jct.2011.06.008;1,5-diaminopentane;NCCCCCN;462-94-2;InChIKey=VHRGRCVQAFMJIZ-UHFFFAOYSA-N;298.3;;58.26;2.913
229124;j.jct.2011.06.008;1,5-diaminopentane;NCCCCCN;462-94-2;InChIKey=VHRGRCVQAFMJIZ-UHFFFAOYSA-N;300.3;;58.1;2.905
229125;j.jct.2011.06.008;1,5-diaminopentane;NCCCCCN;462-94-2;InChIKey=VHRGRCVQAFMJIZ-UHFFFAOYSA-N;300.4;;58.09;2.9045
229126;j.jct.2011.06.008;1,5-diaminopentane;NCCCCCN;462-94-2;InChIKey=VHRGRCVQAFMJIZ-UHFFFAOYSA-N;303.7;;57.83;2.8915
229127;j.jct.2011.06.008;1,5-diaminopentane;NCCCCCN;462-94-2;InChIKey=VHRGRCVQAFMJIZ-UHFFFAOYSA-N;307.2;;57.54;2.877
229128;j.jct.2011.06.008;1,5-diaminopentane;NCCCCCN;462-94-2;InChIKey=VHRGRCVQAFMJIZ-UHFFFAOYSA-N;307.3;;57.54;2.877
229129;j.jct.2011.06.008;1,5-diaminopentane;NCCCCCN;462-94-2;InChIKey=VHRGRCVQAFMJIZ-UHFFFAOYSA-N;308.2;;57.47;2.8735
229130;j.jct.2011.06.008;1,5-diaminopentane;NCCCCCN;462-94-2;InChIKey=VHRGRCVQAFMJIZ-UHFFFAOYSA-N;308.4;;57.45;2.8725
229131;j.jct.2011.06.008;1,5-diaminopentane;NCCCCCN;462-94-2;InChIKey=VHRGRCVQAFMJIZ-UHFFFAOYSA-N;313.1;;57.07;2.8535
229132;j.jct.2011.06.008;1,5-diaminopentane;NCCCCCN;462-94-2;InChIKey=VHRGRCVQAFMJIZ-UHFFFAOYSA-N;313.2;;57.06;2.853
229133;j.jct.2011.06.008;1,5-diaminopentane;NCCCCCN;462-94-2;InChIKey=VHRGRCVQAFMJIZ-UHFFFAOYSA-N;314.2;;56.98;2.849
229134;j.jct.2011.06.008;1,5-diaminopentane;NCCCCCN;462-94-2;InChIKey=VHRGRCVQAFMJIZ-UHFFFAOYSA-N;318.1;;56.67;2.8335
229135;j.jct.2011.06.008;1,5-diaminopentane;NCCCCCN;462-94-2;InChIKey=VHRGRCVQAFMJIZ-UHFFFAOYSA-N;321.2;;56.42;2.821
229136;j.jct.2011.06.008;1,5-diaminopentane;NCCCCCN;462-94-2;InChIKey=VHRGRCVQAFMJIZ-UHFFFAOYSA-N;323.1;;56.28;2.814
229137;j.jct.2011.06.008;1,5-diaminopentane;NCCCCCN;462-94-2;InChIKey=VHRGRCVQAFMJIZ-UHFFFAOYSA-N;323.1;;56.27;2.8135
229138;j.jct.2011.06.008;1,5-diaminopentane;NCCCCCN;462-94-2;InChIKey=VHRGRCVQAFMJIZ-UHFFFAOYSA-N;323.2;;56.27;2.8135
229139;j.jct.2011.06.008;1,5-diaminopentane;NCCCCCN;462-94-2;InChIKey=VHRGRCVQAFMJIZ-UHFFFAOYSA-N;323.2;;56.26;2.813
229140;j.jct.2011.06.008;1,5-diaminopentane;NCCCCCN;462-94-2;InChIKey=VHRGRCVQAFMJIZ-UHFFFAOYSA-N;325.6;;56.07;2.8035
229141;j.jct.2011.06.008;1,5-diaminopentane;NCCCCCN;462-94-2;InChIKey=VHRGRCVQAFMJIZ-UHFFFAOYSA-N;328.0;;55.88;2.794
229142;j.jct.2011.06.008;1,5-diaminopentane;NCCCCCN;462-94-2;InChIKey=VHRGRCVQAFMJIZ-UHFFFAOYSA-N;328.1;;55.87;2.7935
229143;j.jct.2011.06.008;1,5-diaminopentane;NCCCCCN;462-94-2;InChIKey=VHRGRCVQAFMJIZ-UHFFFAOYSA-N;328.1;;55.87;2.7935
229144;j.jct.2011.06.008;1,5-diaminopentane;NCCCCCN;462-94-2;InChIKey=VHRGRCVQAFMJIZ-UHFFFAOYSA-N;328.2;;55.87;2.7935
229145;j.jct.2011.06.008;1,5-diaminopentane;NCCCCCN;462-94-2;InChIKey=VHRGRCVQAFMJIZ-UHFFFAOYSA-N;328.2;;55.86;2.793
229146;j.jct.2011.06.008;1,5-diaminopentane;NCCCCCN;462-94-2;InChIKey=VHRGRCVQAFMJIZ-UHFFFAOYSA-N;330.6;;55.67;2.7835
229147;j.jct.2011.06.008;1,5-diaminopentane;NCCCCCN;462-94-2;InChIKey=VHRGRCVQAFMJIZ-UHFFFAOYSA-N;331.2;;55.63;2.7815
229148;j.jct.2011.06.008;1,5-diaminopentane;NCCCCCN;462-94-2;InChIKey=VHRGRCVQAFMJIZ-UHFFFAOYSA-N;333.1;;55.47;2.7735
229149;j.jct.2011.06.008;1,5-diaminopentane;NCCCCCN;462-94-2;InChIKey=VHRGRCVQAFMJIZ-UHFFFAOYSA-N;333.2;;55.46;2.773
229150;j.jct.2011.06.008;1,5-diaminopentane;NCCCCCN;462-94-2;InChIKey=VHRGRCVQAFMJIZ-UHFFFAOYSA-N;333.2;;55.47;2.7735
229151;j.jct.2011.06.008;1,5-diaminopentane;NCCCCCN;462-94-2;InChIKey=VHRGRCVQAFMJIZ-UHFFFAOYSA-N;333.2;;55.46;2.773
229152;j.jct.2011.06.008;1,5-diaminopentane;NCCCCCN;462-94-2;InChIKey=VHRGRCVQAFMJIZ-UHFFFAOYSA-N;333.2;;55.46;2.773
229153;j.jct.2011.06.008;1,5-diaminopentane;NCCCCCN;462-94-2;InChIKey=VHRGRCVQAFMJIZ-UHFFFAOYSA-N;335.7;;55.26;2.763
229154;j.jct.2011.06.008;1,5-diaminopentane;NCCCCCN;462-94-2;InChIKey=VHRGRCVQAFMJIZ-UHFFFAOYSA-N;335.7;;55.27;2.7635
229155;j.jct.2011.06.008;1,5-diaminopentane;NCCCCCN;462-94-2;InChIKey=VHRGRCVQAFMJIZ-UHFFFAOYSA-N;338.2;;55.07;2.7535
229156;j.jct.2011.06.008;1,5-diaminopentane;NCCCCCN;462-94-2;InChIKey=VHRGRCVQAFMJIZ-UHFFFAOYSA-N;338.2;;55.07;2.7535
229157;j.jct.2011.06.008;1,5-diaminopentane;NCCCCCN;462-94-2;InChIKey=VHRGRCVQAFMJIZ-UHFFFAOYSA-N;340.7;;54.87;2.7435
229158;j.jct.2011.06.008;1,5-diaminopentane;NCCCCCN;462-94-2;InChIKey=VHRGRCVQAFMJIZ-UHFFFAOYSA-N;342.2;;54.74;2.737
229159;j.jct.2011.06.008;1,5-diaminopentane;NCCCCCN;462-94-2;InChIKey=VHRGRCVQAFMJIZ-UHFFFAOYSA-N;342.2;;54.74;2.737
229160;j.jct.2011.06.008;1,5-diaminopentane;NCCCCCN;462-94-2;InChIKey=VHRGRCVQAFMJIZ-UHFFFAOYSA-N;343.2;;54.66;2.733
229191;j.jct.2011.06.008;1,6-diaminohexane;NCCCCCCN;73398-58-0;InChIKey=NAQMVNRVTILPCV-UHFFFAOYSA-N;318.1;;61.38;3.069
229192;j.jct.2011.06.008;1,6-diaminohexane;NCCCCCCN;73398-58-0;InChIKey=NAQMVNRVTILPCV-UHFFFAOYSA-N;318.1;;61.38;3.069
229193;j.jct.2011.06.008;1,6-diaminohexane;NCCCCCCN;73398-58-0;InChIKey=NAQMVNRVTILPCV-UHFFFAOYSA-N;319.3;;61.28;3.064
229194;j.jct.2011.06.008;1,6-diaminohexane;NCCCCCCN;73398-58-0;InChIKey=NAQMVNRVTILPCV-UHFFFAOYSA-N;320.6;;61.16;3.058
229195;j.jct.2011.06.008;1,6-diaminohexane;NCCCCCCN;73398-58-0;InChIKey=NAQMVNRVTILPCV-UHFFFAOYSA-N;321.5;;61.08;3.054
229196;j.jct.2011.06.008;1,6-diaminohexane;NCCCCCCN;73398-58-0;InChIKey=NAQMVNRVTILPCV-UHFFFAOYSA-N;321.8;;61.06;3.053
229197;j.jct.2011.06.008;1,6-diaminohexane;NCCCCCCN;73398-58-0;InChIKey=NAQMVNRVTILPCV-UHFFFAOYSA-N;322.3;;61.01;3.0505
229198;j.jct.2011.06.008;1,6-diaminohexane;NCCCCCCN;73398-58-0;InChIKey=NAQMVNRVTILPCV-UHFFFAOYSA-N;323.0;;60.94;3.047
229199;j.jct.2011.06.008;1,6-diaminohexane;NCCCCCCN;73398-58-0;InChIKey=NAQMVNRVTILPCV-UHFFFAOYSA-N;324.3;;60.83;3.0415
229200;j.jct.2011.06.008;1,6-diaminohexane;NCCCCCCN;73398-58-0;InChIKey=NAQMVNRVTILPCV-UHFFFAOYSA-N;325.2;;60.75;3.0375
229201;j.jct.2011.06.008;1,6-diaminohexane;NCCCCCCN;73398-58-0;InChIKey=NAQMVNRVTILPCV-UHFFFAOYSA-N;325.6;;60.72;3.036
229202;j.jct.2011.06.008;1,6-diaminohexane;NCCCCCCN;73398-58-0;InChIKey=NAQMVNRVTILPCV-UHFFFAOYSA-N;326.7;;60.62;3.031
229203;j.jct.2011.06.008;1,6-diaminohexane;NCCCCCCN;73398-58-0;InChIKey=NAQMVNRVTILPCV-UHFFFAOYSA-N;328.7;;60.44;3.022
229204;j.jct.2011.06.008;1,6-diaminohexane;NCCCCCCN;73398-58-0;InChIKey=NAQMVNRVTILPCV-UHFFFAOYSA-N;330.5;;60.29;3.0145
229205;j.jct.2011.06.008;1,6-diaminohexane;NCCCCCCN;73398-58-0;InChIKey=NAQMVNRVTILPCV-UHFFFAOYSA-N;332.2;;60.13;3.0065
229206;j.jct.2011.06.008;1,6-diaminohexane;NCCCCCCN;73398-58-0;InChIKey=NAQMVNRVTILPCV-UHFFFAOYSA-N;333.0;;60.07;3.0035
229207;j.jct.2011.06.008;1,6-diaminohexane;NCCCCCCN;73398-58-0;InChIKey=NAQMVNRVTILPCV-UHFFFAOYSA-N;335.5;;59.84;2.992
229208;j.jct.2011.06.008;1,6-diaminohexane;NCCCCCCN;73398-58-0;InChIKey=NAQMVNRVTILPCV-UHFFFAOYSA-N;335.7;;59.82;2.991
229209;j.jct.2011.06.008;1,6-diaminohexane;NCCCCCCN;73398-58-0;InChIKey=NAQMVNRVTILPCV-UHFFFAOYSA-N;338.0;;59.62;2.981
229210;j.jct.2011.06.008;1,6-diaminohexane;NCCCCCCN;73398-58-0;InChIKey=NAQMVNRVTILPCV-UHFFFAOYSA-N;339.2;;59.51;2.9755
229211;j.jct.2011.06.008;1,6-diaminohexane;NCCCCCCN;73398-58-0;InChIKey=NAQMVNRVTILPCV-UHFFFAOYSA-N;340.6;;59.39;2.9695
229212;j.jct.2011.06.008;1,6-diaminohexane;NCCCCCCN;73398-58-0;InChIKey=NAQMVNRVTILPCV-UHFFFAOYSA-N;341.4;;59.32;2.966
229213;j.jct.2011.06.008;1,6-diaminohexane;NCCCCCCN;73398-58-0;InChIKey=NAQMVNRVTILPCV-UHFFFAOYSA-N;342.7;;59.2;2.96
229214;j.jct.2011.06.008;1,6-diaminohexane;NCCCCCCN;73398-58-0;InChIKey=NAQMVNRVTILPCV-UHFFFAOYSA-N;343.1;;59.17;2.9585
229215;j.jct.2011.06.008;1,6-diaminohexane;NCCCCCCN;73398-58-0;InChIKey=NAQMVNRVTILPCV-UHFFFAOYSA-N;344.5;;59.05;2.9525
229216;j.jct.2011.06.008;1,6-diaminohexane;NCCCCCCN;73398-58-0;InChIKey=NAQMVNRVTILPCV-UHFFFAOYSA-N;346.2;;58.9;2.945
229217;j.jct.2011.06.008;1,6-diaminohexane;NCCCCCCN;73398-58-0;InChIKey=NAQMVNRVTILPCV-UHFFFAOYSA-N;348.0;;58.74;2.937
229218;j.jct.2011.06.008;1,6-diaminohexane;NCCCCCCN;73398-58-0;InChIKey=NAQMVNRVTILPCV-UHFFFAOYSA-N;350.0;;58.56;2.928
229219;j.jct.2011.06.008;1,6-diaminohexane;NCCCCCCN;73398-58-0;InChIKey=NAQMVNRVTILPCV-UHFFFAOYSA-N;353.2;;58.28;2.914
229220;j.jct.2011.06.008;1,6-diaminohexane;NCCCCCCN;73398-58-0;InChIKey=NAQMVNRVTILPCV-UHFFFAOYSA-N;356.6;;57.97;2.8985
229245;j.jct.2011.06.008;1,7-heptanediamine;NCCCCCCCN;646-19-5;InChIKey=PWSKHLMYTZNYKO-UHFFFAOYSA-N;305.8;;66.33;3.3165
229246;j.jct.2011.06.008;1,7-heptanediamine;NCCCCCCCN;646-19-5;InChIKey=PWSKHLMYTZNYKO-UHFFFAOYSA-N;308.2;;66.1;3.305
229247;j.jct.2011.06.008;1,7-heptanediamine;NCCCCCCCN;646-19-5;InChIKey=PWSKHLMYTZNYKO-UHFFFAOYSA-N;308.3;;66.09;3.3045
229248;j.jct.2011.06.008;1,7-heptanediamine;NCCCCCCCN;646-19-5;InChIKey=PWSKHLMYTZNYKO-UHFFFAOYSA-N;313.1;;65.63;3.2815
229249;j.jct.2011.06.008;1,7-heptanediamine;NCCCCCCCN;646-19-5;InChIKey=PWSKHLMYTZNYKO-UHFFFAOYSA-N;315.2;;65.42;3.271
229250;j.jct.2011.06.008;1,7-heptanediamine;NCCCCCCCN;646-19-5;InChIKey=PWSKHLMYTZNYKO-UHFFFAOYSA-N;318.0;;65.15;3.2575
229251;j.jct.2011.06.008;1,7-heptanediamine;NCCCCCCCN;646-19-5;InChIKey=PWSKHLMYTZNYKO-UHFFFAOYSA-N;322.2;;64.74;3.237
229252;j.jct.2011.06.008;1,7-heptanediamine;NCCCCCCCN;646-19-5;InChIKey=PWSKHLMYTZNYKO-UHFFFAOYSA-N;323.0;;64.66;3.233
229253;j.jct.2011.06.008;1,7-heptanediamine;NCCCCCCCN;646-19-5;InChIKey=PWSKHLMYTZNYKO-UHFFFAOYSA-N;323.0;;64.66;3.233
229254;j.jct.2011.06.008;1,7-heptanediamine;NCCCCCCCN;646-19-5;InChIKey=PWSKHLMYTZNYKO-UHFFFAOYSA-N;328.0;;64.18;3.209
229255;j.jct.2011.06.008;1,7-heptanediamine;NCCCCCCCN;646-19-5;InChIKey=PWSKHLMYTZNYKO-UHFFFAOYSA-N;329.2;;64.06;3.203
229256;j.jct.2011.06.008;1,7-heptanediamine;NCCCCCCCN;646-19-5;InChIKey=PWSKHLMYTZNYKO-UHFFFAOYSA-N;333.0;;63.69;3.1845
229257;j.jct.2011.06.008;1,7-heptanediamine;NCCCCCCCN;646-19-5;InChIKey=PWSKHLMYTZNYKO-UHFFFAOYSA-N;336.2;;63.38;3.169
229258;j.jct.2011.06.008;1,7-heptanediamine;NCCCCCCCN;646-19-5;InChIKey=PWSKHLMYTZNYKO-UHFFFAOYSA-N;338.0;;63.21;3.1605
229259;j.jct.2011.06.008;1,7-heptanediamine;NCCCCCCCN;646-19-5;InChIKey=PWSKHLMYTZNYKO-UHFFFAOYSA-N;339.8;;63.04;3.152
229260;j.jct.2011.06.008;1,7-heptanediamine;NCCCCCCCN;646-19-5;InChIKey=PWSKHLMYTZNYKO-UHFFFAOYSA-N;343.0;;62.73;3.1365
229261;j.jct.2011.06.008;1,7-heptanediamine;NCCCCCCCN;646-19-5;InChIKey=PWSKHLMYTZNYKO-UHFFFAOYSA-N;343.2;;62.71;3.1355
229262;j.jct.2011.06.008;1,7-heptanediamine;NCCCCCCCN;646-19-5;InChIKey=PWSKHLMYTZNYKO-UHFFFAOYSA-N;346.8;;62.36;3.118
229263;j.jct.2011.06.008;1,7-heptanediamine;NCCCCCCCN;646-19-5;InChIKey=PWSKHLMYTZNYKO-UHFFFAOYSA-N;348.0;;62.24;3.112
229264;j.jct.2011.06.008;1,7-heptanediamine;NCCCCCCCN;646-19-5;InChIKey=PWSKHLMYTZNYKO-UHFFFAOYSA-N;350.2;;62.03;3.1015
229265;j.jct.2011.06.008;1,7-heptanediamine;NCCCCCCCN;646-19-5;InChIKey=PWSKHLMYTZNYKO-UHFFFAOYSA-N;353.0;;61.75;3.0875
229266;j.jct.2011.06.008;1,7-heptanediamine;NCCCCCCCN;646-19-5;InChIKey=PWSKHLMYTZNYKO-UHFFFAOYSA-N;353.6;;61.69;3.0845
229267;j.jct.2011.06.008;1,7-heptanediamine;NCCCCCCCN;646-19-5;InChIKey=PWSKHLMYTZNYKO-UHFFFAOYSA-N;357.1;;61.35;3.0675
229268;j.jct.2011.06.008;1,7-heptanediamine;NCCCCCCCN;646-19-5;InChIKey=PWSKHLMYTZNYKO-UHFFFAOYSA-N;358.0;;61.27;3.0635
229407;j.jct.2011.06.008;1,10-diaminodecane;NCCCCCCCCCCN;95931-01-4;InChIKey=YQLZOAVZWJBZSY-UHFFFAOYSA-N;338.1;;75.33;3.7665
229408;j.jct.2011.06.008;1,10-diaminodecane;NCCCCCCCCCCN;95931-01-4;InChIKey=YQLZOAVZWJBZSY-UHFFFAOYSA-N;338.2;;75.32;3.766
229409;j.jct.2011.06.008;1,10-diaminodecane;NCCCCCCCCCCN;95931-01-4;InChIKey=YQLZOAVZWJBZSY-UHFFFAOYSA-N;339.7;;75.13;3.7565
229410;j.jct.2011.06.008;1,10-diaminodecane;NCCCCCCCCCCN;95931-01-4;InChIKey=YQLZOAVZWJBZSY-UHFFFAOYSA-N;340.7;;75.01;3.7505
229411;j.jct.2011.06.008;1,10-diaminodecane;NCCCCCCCCCCN;95931-01-4;InChIKey=YQLZOAVZWJBZSY-UHFFFAOYSA-N;341.2;;74.95;3.7475
229412;j.jct.2011.06.008;1,10-diaminodecane;NCCCCCCCCCCN;95931-01-4;InChIKey=YQLZOAVZWJBZSY-UHFFFAOYSA-N;342.7;;74.77;3.7385
229413;j.jct.2011.06.008;1,10-diaminodecane;NCCCCCCCCCCN;95931-01-4;InChIKey=YQLZOAVZWJBZSY-UHFFFAOYSA-N;343.2;;74.71;3.7355
229414;j.jct.2011.06.008;1,10-diaminodecane;NCCCCCCCCCCN;95931-01-4;InChIKey=YQLZOAVZWJBZSY-UHFFFAOYSA-N;344.2;;74.59;3.7295
229415;j.jct.2011.06.008;1,10-diaminodecane;NCCCCCCCCCCN;95931-01-4;InChIKey=YQLZOAVZWJBZSY-UHFFFAOYSA-N;345.7;;74.4;3.72
229416;j.jct.2011.06.008;1,10-diaminodecane;NCCCCCCCCCCN;95931-01-4;InChIKey=YQLZOAVZWJBZSY-UHFFFAOYSA-N;345.7;;74.41;3.7205
229417;j.jct.2011.06.008;1,10-diaminodecane;NCCCCCCCCCCN;95931-01-4;InChIKey=YQLZOAVZWJBZSY-UHFFFAOYSA-N;347.2;;74.22;3.711
229418;j.jct.2011.06.008;1,10-diaminodecane;NCCCCCCCCCCN;95931-01-4;InChIKey=YQLZOAVZWJBZSY-UHFFFAOYSA-N;348.2;;74.1;3.705
229419;j.jct.2011.06.008;1,10-diaminodecane;NCCCCCCCCCCN;95931-01-4;InChIKey=YQLZOAVZWJBZSY-UHFFFAOYSA-N;348.7;;74.04;3.702
229420;j.jct.2011.06.008;1,10-diaminodecane;NCCCCCCCCCCN;95931-01-4;InChIKey=YQLZOAVZWJBZSY-UHFFFAOYSA-N;349.2;;73.98;3.699
229421;j.jct.2011.06.008;1,10-diaminodecane;NCCCCCCCCCCN;95931-01-4;InChIKey=YQLZOAVZWJBZSY-UHFFFAOYSA-N;350.2;;73.86;3.693
229422;j.jct.2011.06.008;1,10-diaminodecane;NCCCCCCCCCCN;95931-01-4;InChIKey=YQLZOAVZWJBZSY-UHFFFAOYSA-N;350.7;;73.8;3.69
229423;j.jct.2011.06.008;1,10-diaminodecane;NCCCCCCCCCCN;95931-01-4;InChIKey=YQLZOAVZWJBZSY-UHFFFAOYSA-N;351.7;;73.67;3.6835
229424;j.jct.2011.06.008;1,10-diaminodecane;NCCCCCCCCCCN;95931-01-4;InChIKey=YQLZOAVZWJBZSY-UHFFFAOYSA-N;352.2;;73.62;3.681
229425;j.jct.2011.06.008;1,10-diaminodecane;NCCCCCCCCCCN;95931-01-4;InChIKey=YQLZOAVZWJBZSY-UHFFFAOYSA-N;353.1;;73.5;3.675
229426;j.jct.2011.06.008;1,10-diaminodecane;NCCCCCCCCCCN;95931-01-4;InChIKey=YQLZOAVZWJBZSY-UHFFFAOYSA-N;353.2;;73.49;3.6745
229440;j.jct.2011.06.008;1,11-Diaminoundecane;NCCCCCCCCCCCN;95931-02-5;InChIKey=KLNPWTHGTVSSEU-UHFFFAOYSA-N;326.2;;81.09;4.0545
229441;j.jct.2011.06.008;1,11-Diaminoundecane;NCCCCCCCCCCCN;95931-02-5;InChIKey=KLNPWTHGTVSSEU-UHFFFAOYSA-N;329.2;;80.7;4.035
229442;j.jct.2011.06.008;1,11-Diaminoundecane;NCCCCCCCCCCCN;95931-02-5;InChIKey=KLNPWTHGTVSSEU-UHFFFAOYSA-N;332.2;;80.32;4.016
229443;j.jct.2011.06.008;1,11-Diaminoundecane;NCCCCCCCCCCCN;95931-02-5;InChIKey=KLNPWTHGTVSSEU-UHFFFAOYSA-N;335.2;;79.92;3.996
229444;j.jct.2011.06.008;1,11-Diaminoundecane;NCCCCCCCCCCCN;95931-02-5;InChIKey=KLNPWTHGTVSSEU-UHFFFAOYSA-N;338.2;;79.53;3.9765
229445;j.jct.2011.06.008;1,11-Diaminoundecane;NCCCCCCCCCCCN;95931-02-5;InChIKey=KLNPWTHGTVSSEU-UHFFFAOYSA-N;339.6;;79.35;3.9675
229446;j.jct.2011.06.008;1,11-Diaminoundecane;NCCCCCCCCCCCN;95931-02-5;InChIKey=KLNPWTHGTVSSEU-UHFFFAOYSA-N;341.1;;79.15;3.9575
229447;j.jct.2011.06.008;1,11-Diaminoundecane;NCCCCCCCCCCCN;95931-02-5;InChIKey=KLNPWTHGTVSSEU-UHFFFAOYSA-N;342.6;;78.96;3.948
229448;j.jct.2011.06.008;1,11-Diaminoundecane;NCCCCCCCCCCCN;95931-02-5;InChIKey=KLNPWTHGTVSSEU-UHFFFAOYSA-N;344.2;;78.75;3.9375
229449;j.jct.2011.06.008;1,11-Diaminoundecane;NCCCCCCCCCCCN;95931-02-5;InChIKey=KLNPWTHGTVSSEU-UHFFFAOYSA-N;345.6;;78.57;3.9285
229450;j.jct.2011.06.008;1,11-Diaminoundecane;NCCCCCCCCCCCN;95931-02-5;InChIKey=KLNPWTHGTVSSEU-UHFFFAOYSA-N;347.1;;78.37;3.9185
229451;j.jct.2011.06.008;1,11-Diaminoundecane;NCCCCCCCCCCCN;95931-02-5;InChIKey=KLNPWTHGTVSSEU-UHFFFAOYSA-N;350.1;;77.98;3.899
229452;j.jct.2011.06.008;1,11-Diaminoundecane;NCCCCCCCCCCCN;95931-02-5;InChIKey=KLNPWTHGTVSSEU-UHFFFAOYSA-N;353.1;;77.59;3.8795
229467;j.jct.2011.06.008;1,12-diaminododecane;NCCCCCCCCCCCCN;95931-03-6;InChIKey=QFTYSVGGYOXFRQ-UHFFFAOYSA-N;345.2;;82.7;4.135
229468;j.jct.2011.06.008;1,12-diaminododecane;NCCCCCCCCCCCCN;95931-03-6;InChIKey=QFTYSVGGYOXFRQ-UHFFFAOYSA-N;345.2;;82.7;4.135
229469;j.jct.2011.06.008;1,12-diaminododecane;NCCCCCCCCCCCCN;95931-03-6;InChIKey=QFTYSVGGYOXFRQ-UHFFFAOYSA-N;348.1;;82.29;4.1145
229470;j.jct.2011.06.008;1,12-diaminododecane;NCCCCCCCCCCCCN;95931-03-6;InChIKey=QFTYSVGGYOXFRQ-UHFFFAOYSA-N;348.2;;82.28;4.114
229471;j.jct.2011.06.008;1,12-diaminododecane;NCCCCCCCCCCCCN;95931-03-6;InChIKey=QFTYSVGGYOXFRQ-UHFFFAOYSA-N;351.1;;81.87;4.0935
229472;j.jct.2011.06.008;1,12-diaminododecane;NCCCCCCCCCCCCN;95931-03-6;InChIKey=QFTYSVGGYOXFRQ-UHFFFAOYSA-N;351.1;;81.87;4.0935
229473;j.jct.2011.06.008;1,12-diaminododecane;NCCCCCCCCCCCCN;95931-03-6;InChIKey=QFTYSVGGYOXFRQ-UHFFFAOYSA-N;354.1;;81.46;4.073
229474;j.jct.2011.06.008;1,12-diaminododecane;NCCCCCCCCCCCCN;95931-03-6;InChIKey=QFTYSVGGYOXFRQ-UHFFFAOYSA-N;354.2;;81.45;4.0725
229475;j.jct.2011.06.008;1,12-diaminododecane;NCCCCCCCCCCCCN;95931-03-6;InChIKey=QFTYSVGGYOXFRQ-UHFFFAOYSA-N;357.1;;81.05;4.0525
229476;j.jct.2011.06.008;1,12-diaminododecane;NCCCCCCCCCCCCN;95931-03-6;InChIKey=QFTYSVGGYOXFRQ-UHFFFAOYSA-N;357.2;;81.04;4.052
229477;j.jct.2011.06.008;1,12-diaminododecane;NCCCCCCCCCCCCN;95931-03-6;InChIKey=QFTYSVGGYOXFRQ-UHFFFAOYSA-N;360.1;;80.63;4.0315
229478;j.jct.2011.06.008;1,12-diaminododecane;NCCCCCCCCCCCCN;95931-03-6;InChIKey=QFTYSVGGYOXFRQ-UHFFFAOYSA-N;363.1;;80.21;4.0105
229479;j.jct.2011.06.008;1,12-diaminododecane;NCCCCCCCCCCCCN;95931-03-6;InChIKey=QFTYSVGGYOXFRQ-UHFFFAOYSA-N;366.1;;79.8;3.99
229480;j.jct.2011.06.008;1,12-diaminododecane;NCCCCCCCCCCCCN;95931-03-6;InChIKey=QFTYSVGGYOXFRQ-UHFFFAOYSA-N;369.0;;79.4;3.97
233475;j.jct.2011.07.014;levulinic acid;CC(=O)CCC(O)=O;123-76-2;InChIKey=JOOXCMJARBKPKM-UHFFFAOYSA-N;298.15;;70.32;0.68
247017;j.jct.2011.11.004;N-methyltrimethylenediamine;CNCCCN;6291-84-5;InChIKey=QHJABUZHRJTCAR-UHFFFAOYSA-N;298.15;;53.1;0.4
247030;j.jct.2011.11.004;1,3-propanediamine, N,N-dimethyl-;CN(C)CCCN;109-55-7;InChIKey=IUNMPGNGSSIWFP-UHFFFAOYSA-N;298.15;;46.0;0.2
247064;j.jct.2011.11.004;.gamma.-(diethylamino)propylamine;CCN(CC)CCCN;104-78-9;InChIKey=QOHMWDJIBGVPIF-UHFFFAOYSA-N;298.15;;52.4;0.5
247092;j.jct.2011.11.004;1,3-propanediamine, N,N,N',N'-tetramethyl-;CN(C)CCCN(C)C;210102-01-5;InChIKey=DMQSHEKGGUOYJS-UHFFFAOYSA-N;298.15;;45.3;0.2
250079;j.jct.2011.12.001;2-iodoanisole;COc1ccccc1I;529-28-2;InChIKey=DVQWNQBEUKXONL-UHFFFAOYSA-N;298.15;;65.3;1.4
250080;j.jct.2011.12.001;2-iodoanisole;COc1ccccc1I;529-28-2;InChIKey=DVQWNQBEUKXONL-UHFFFAOYSA-N;324.2;;69.1;0.2
250081;j.jct.2011.12.001;3-iodoanisole;COc1cccc(I)c1;766-85-8;InChIKey=RSHBAGGASAJQCH-UHFFFAOYSA-N;298.15;;62.5;1.3
250082;j.jct.2011.12.001;3-iodoanisole;COc1cccc(I)c1;766-85-8;InChIKey=RSHBAGGASAJQCH-UHFFFAOYSA-N;324.2;;66.3;0.1
250083;j.jct.2011.12.001;4-iodoanisole;COc1ccc(I)cc1;696-62-8;InChIKey=SYSZENVIJHPFNL-UHFFFAOYSA-N;298.15;;82.6;1.5
252404;j.jct.2011.12.019;2-Pyrrolecarbonitrile;N#Cc1[nH]ccc1;4513-94-4;InChIKey=BQMPGKPTOHKYHS-UHFFFAOYSA-N;298.15;;65.3;1.4
259406;j.jct.2012.01.025;fluoranthene;c1ccc2c(c1)c3cccc4cccc2c34;76774-50-0;InChIKey=GVEPBJHOBDJJJI-UHFFFAOYSA-N;298.15;;88.4;0.1
287740;j.jct.2012.07.008;6,7-Dihydro-4(5H)-benzofuranone;O=C1CCCc2occc12;16806-93-2;InChIKey=DXWQOYPYNPSVRL-UHFFFAOYSA-N;298.15;;69.4;2.2
293997;j.jct.2012.08.028;2-chlorobenzoxazole;Clc1oc2ccccc2n1;615-18-9;InChIKey=BBVQDWDBTWSGHQ-UHFFFAOYSA-N;298.15;;56.3;
295018;j.jct.2012.08.034;1-propanone, 1-phenyl-;CCC(=O)c1ccccc1;93-55-0;InChIKey=KRIOVPPHQSLHCZ-UHFFFAOYSA-N;298.15;;58.9;0.9
295019;j.jct.2012.08.034;p-acetyltoluene;CC(=O)c1ccc(C)cc1;122-00-9;InChIKey=GNKZMNRKLCTJAY-UHFFFAOYSA-N;298.15;;60.7;1.0
295627;j.jct.2012.09.007;ethyl 2-thiophenecarboxylate;CCOC(=O)c1sccc1;2810-04-0;InChIKey=JZGZKRJVTIRPOK-UHFFFAOYSA-N;298.15;;61.2;1.4
300692;j.jct.2012.10.011;isocyanic acid, methyl ester;CN=C=O;30108-95-3;InChIKey=HAMGRBXTJNITHG-UHFFFAOYSA-N;298.15;;28.748;
315374;j.jct.2013.01.009;(-)-verbenone;CC1=CC(=O)C2CC1C2(C)C;5480-12-6;InChIKey=DCSCXTJOXBUFGB-UHFFFAOYSA-N;298.15;;58.9;
342598;j.jct.2013.06.021;benzothiazole;s1cnc2ccccc12;95-16-9;InChIKey=IOJUPLGTWVMSFF-UHFFFAOYSA-N;298.15;;58.8;
342599;j.jct.2013.06.021;2-methylbenzothiazole;Cc1sc2ccccc2n1;120-75-2;InChIKey=DXYYSGDWQCSKKO-UHFFFAOYSA-N;298.15;;61.7;
346384;j.jct.2013.08.004;methyl 1-methyl-2-pyrrolecarboxylate;COC(=O)c1cccn1C;37619-24-2;InChIKey=APHVGKYWHWFAQV-UHFFFAOYSA-N;298.15;;59.2;
346385;j.jct.2013.08.005;piperidine;C1CCNCC1;110-89-4;InChIKey=NQRYJNQNLNOLGT-UHFFFAOYSA-N;298.15;;38.6;2.1
346389;j.jct.2013.08.005;N-butylbutanamine;CCCCNCCCC;71230-78-9;InChIKey=JQVDAXLFBXTEQA-UHFFFAOYSA-N;298.15;;50.8;4.1
346391;j.jct.2013.08.005;(+)-methamphetamine;CN[C@@H](C)Cc1ccccc1;14611-50-8;InChIKey=MYWUZJCMWCOHBA-VIFPVBQESA-N;298.15;;58.7;4.3
346393;j.jct.2013.08.005;dipentylamine;CCCCCNCCCCC;2050-92-2;InChIKey=JACMPVXHEARCBO-UHFFFAOYSA-N;298.15;;61.2;2.6
346395;j.jct.2013.08.005;4-benzylpiperidine;C1CC(CCN1)Cc2ccccc2;31252-42-3;InChIKey=ABGXADJDTPFFSZ-UHFFFAOYSA-N;298.15;;72.4;6.7
346397;j.jct.2013.08.005;dihexylamine;CCCCCCNCCCCCC;143-16-8;InChIKey=PXSXRABJBXYMFT-UHFFFAOYSA-N;298.15;;70.8;4.7
346399;j.jct.2013.08.005;diheptylamine;CCCCCCCNCCCCCCC;2470-68-0;InChIKey=NJWMENBYMFZACG-UHFFFAOYSA-N;298.15;;81.2;7.1
346401;j.jct.2013.08.005;dioctylamine;CCCCCCCCNCCCCCCCC;68526-63-6;InChIKey=LAWOZCWGWDVVSG-UHFFFAOYSA-N;298.15;;92.6;7.6
381174;j.jct.2014.01.007;1,1,3,3-tetramethylguanidine;CN(C)C(=N)N(C)C;142118-43-2;InChIKey=KYVBNYUBXIEUFW-UHFFFAOYSA-N;298.15;;49.946480031;
382441;j.jct.2014.01.016;.gamma.-caprolactone;CCC1CCC(=O)O1;695-06-7;InChIKey=JBFHTYHTHYHCDJ-UHFFFAOYSA-N;298.15;;57.4;3.7
382443;j.jct.2014.01.016;.gamma.-octanolactone;CCCCCC1CC(=O)O1;104-50-7;InChIKey=DJBHAQHDDDBJCA-UHFFFAOYSA-N;298.15;;66.0;3.9
382445;j.jct.2014.01.016;2H-pyran-2-one, tetrahydro-6-propyl-;CCCC1CCCC(=O)O1;698-76-0;InChIKey=FYTRVXSHONWYNE-UHFFFAOYSA-N;298.15;;66.6;4.0
382447;j.jct.2014.01.016;2(3H)-furanone, dihydro-5-pentyl-;CCCCCC1CCC(=O)O1;57084-16-9;InChIKey=OALYTRUKMRCXNH-UHFFFAOYSA-N;298.15;;70.5;4.1
382449;j.jct.2014.01.016;2(3H)-furanone, dihydro-5-pentyl-;CCCCCC1CCC(=O)O1;57084-16-9;InChIKey=OALYTRUKMRCXNH-UHFFFAOYSA-N;298.15;;71.1;4.1
382451;j.jct.2014.01.016;.gamma.-decalactone;CCCCCCC1CCC(=O)O1;706-14-9;InChIKey=IFYYFLINQYPWGJ-UHFFFAOYSA-N;298.15;;75.0;4.3
382453;j.jct.2014.01.016;2H-pyran-2-one, tetrahydro-6-pentyl-;CCCCCC1CCCC(=O)O1;35221-79-5;InChIKey=GHBSPIPJMLAMEP-UHFFFAOYSA-N;298.15;;75.5;4.3
382455;j.jct.2014.01.016;.gamma.-undecanolactone;CCCCCCCCC1CC(=O)O1;57084-17-0;InChIKey=QVOWOUXELCKCEW-UHFFFAOYSA-N;298.15;;79.4;4.4
382457;j.jct.2014.01.016;.gamma.-undecanolactone;CCCCCCCCC1CC(=O)O1;57084-17-0;InChIKey=PHXATPHONSXBIL-UHFFFAOYSA-N;298.15;;80.1;4.5
382459;j.jct.2014.01.016;.gamma.-dodecanolactone;CCCCCCCCCC1CC(=O)O1;57084-18-1;InChIKey=STHAXFNYXXCWDX-UHFFFAOYSA-N;298.15;;83.9;4.6
382461;j.jct.2014.01.016;.gamma.-dodecanolactone;CCCCCCCCCC1CC(=O)O1;57084-18-1;InChIKey=WGPCZPLRVAWXPW-UHFFFAOYSA-N;298.15;;84.6;4.7
394199;j.jct.2014.03.027;2'-methoxyacetophenone;COc1ccccc1C(C)=O;579-74-8;InChIKey=DWPLEOPKBWNPQV-UHFFFAOYSA-N;298.15;;66.7;
394200;j.jct.2014.03.027;3'-methoxyacetophenone;COc1cccc(c1)C(C)=O;586-37-8;InChIKey=BAYUSCHCCGXLAY-UHFFFAOYSA-N;298.15;;67.8;
394479;j.jct.2014.04.003;1,2,5-trimethylpyrrole;Cn1c(C)ccc1C;930-87-0;InChIKey=YRABRACUKBOTKB-UHFFFAOYSA-N;298.15;;50.7;
405232;j.jct.2014.06.028;3'-bromoacetophenone;CC(=O)c1cccc(Br)c1;2142-63-4;InChIKey=JYAQYXOVOHJRCS-UHFFFAOYSA-N;298.15;;66.6;
405233;j.jct.2014.06.028;2'-bromoacetophenone;CC(=O)c1ccccc1Br;2142-69-0;InChIKey=PIMNFNXBTGPCIL-UHFFFAOYSA-N;298.15;;64.9;
415507;j.jct.2014.08.020;1-ethylimidazole;CCn1ccnc1;7098-07-9;InChIKey=IWDFHWZHHOSSGR-UHFFFAOYSA-N;298.15;;57.533142945;
415508;j.jct.2014.08.020;1-butylimidazole;CCCCn1ccnc1;4316-42-1;InChIKey=MCMFEZDRQOJKMN-UHFFFAOYSA-N;298.15;;63.8850420504;
415509;j.jct.2014.08.020;1-octylimidazole;CCCCCCCCn1ccnc1;21252-69-7;InChIKey=KLMZKZJCMDOKFE-UHFFFAOYSA-N;298.15;;81.0114996132;
437166;j.jct.2015.02.015;3-methyl-2-butenyl acetate;CC(=O)OCC=C(C)C;1191-16-8;InChIKey=XXIKYCPRDXIMQM-UHFFFAOYSA-N;298.15;;47.8;1.4
437169;j.jct.2015.02.015;(2E,4E)-2,4-hexadien-1-yl acetate;C/C=C/C=C/COC(C)=O;1516-17-2;InChIKey=PXVKYPFROMBALG-VNKDHWASSA-N;298.15;;54.7;1.4
437172;j.jct.2015.02.015;ethyl 2-methylpentanoate;CCCC(C)C(=O)OCC;39255-32-8;InChIKey=HZPKNSYIDSNZKW-UHFFFAOYSA-N;298.15;;48.4;1.5
437175;j.jct.2015.02.015;(Z)-3-hexenyl propionate;CC\C=C/CCOC(=O)CC;33467-74-2;InChIKey=LGTLDEUQCOJGFP-WAYWQWQTSA-N;298.15;;55.7;1.0
437178;j.jct.2015.02.015;allyl hexanoate;CCCCCC(=O)OCC=C;123-68-2;InChIKey=RCSBILYQLVXLJG-UHFFFAOYSA-N;298.15;;55.2;1.6
437181;j.jct.2015.02.015;pentyl butanoate;CCCCCOC(=O)CCC;540-18-1;InChIKey=CFNJLPHOBMVMNS-UHFFFAOYSA-N;298.15;;53.6;0.6
437184;j.jct.2015.02.015;isoamyl isobutyrate;CC(C)CCOC(=O)C(C)C;2050-01-3;InChIKey=VFTGLSWXJMRZNB-UHFFFAOYSA-N;298.15;;51.7;1.6
437187;j.jct.2015.02.015;2-phenylethyl acetate;CC(=O)OCCc1ccccc1;103-45-7;InChIKey=MDHYEMXUFSJLGV-UHFFFAOYSA-N;298.15;;61.3;1.3
437190;j.jct.2015.02.015;(Z)-3-hexen-1-yl butyrate;CCCC(=O)OCC\C=C/CC;16491-36-4;InChIKey=ZCHOPXVYTWUHDS-WAYWQWQTSA-N;298.15;;59.9;1.7
437196;j.jct.2015.02.015;ethyl cinnamate;CCOC(=O)C=Cc1ccccc1;103-36-6;InChIKey=KBEBGUQPQBELIU-UHFFFAOYSA-N;298.15;;70.4;1.4
437199;j.jct.2015.02.015;2-phenylethyl propionate;CCC(=O)OCCc1ccccc1;122-70-3;InChIKey=HVGZQCSMLUDISR-UHFFFAOYSA-N;298.15;;65.6;1.6
437205;j.jct.2015.02.015;heptyl butyrate;CCCCCCCOC(=O)CCC;5870-93-9;InChIKey=JPQHLIYIQARLQM-UHFFFAOYSA-N;298.15;;65.1;1.1
437208;j.jct.2015.02.015;phenethyl butyrate;CCCC(=O)OCCc1ccccc1;103-52-6;InChIKey=WFNDDSQUKATKNX-UHFFFAOYSA-N;298.15;;69.7;1.4
437211;j.jct.2015.02.015;linalyl acetate;CC(C)=CCCC(C)(OC(C)=O)C=C;115-95-7;InChIKey=UWKAYLJWKGQEPM-UHFFFAOYSA-N;298.15;;62.5;0.6
437214;j.jct.2015.02.015;citronellyl acetate;CC(CCOC(C)=O)CCC=C(C)C;20425-54-1;InChIKey=JOZKFWLRHCDGJA-UHFFFAOYSA-N;298.15;;67.8;1.8
437217;j.jct.2015.02.015;phenethyl hexanoate;CCCCCC(=O)OCCc1ccccc1;6290-37-5;InChIKey=BUYNWUMUDHPPDS-UHFFFAOYSA-N;298.15;;78.8;1.5
451698;j.jct.2015.06.002;(E,E)-8,10-dodecadien-1-ol;C/C=C/C=C/CCCCCCCO;33956-49-9;InChIKey=CSWBSLXBXRFNST-MQQKCMAXSA-N;298.15;;92.3;2.6
459442;j.jct.2015.07.028;2-methyl-3-buten-2-ol;CC(C)(O)C=C;115-18-4;InChIKey=HNVRRHSXBLFLIG-UHFFFAOYSA-N;305.12;;46.9;
472619;j.jct.2015.09.005;(4aS,7S,7aS)-4,7-dimethyl-5,6,7,7a-tetrahydrocyclopenta[c]pyran-1(4aH)-one;C[C@H]1CC[C@H]2[C@H]1C(=O)OC=C2C;17257-15-7;InChIKey=ZDKZHVNKFOXMND-ZQARSLAVSA-N;298.15;;68.0;1.9
472627;j.jct.2015.09.005;(4aS,7S,7aR)-4,7-dimethyl-5,6,7,7a-tetrahydrocyclopenta[c]pyran-1(4aH)-one;C[C@H]1CC[C@H]2[C@@H]1C(=O)OC=C2C;21651-62-7;InChIKey=ZDKZHVNKFOXMND-NBEYISGCSA-N;298.15;;69.4;1.9
604483;j.fluid.2011.07.007;diisopropyl oxalate;CC(C)OC(=O)C(=O)OC(C)C;615-81-6;InChIKey=ITHNIFCFNUZYLQ-UHFFFAOYSA-N;287.5;;61.13;3.0565
604484;j.fluid.2011.07.007;diisopropyl oxalate;CC(C)OC(=O)C(=O)OC(C)C;615-81-6;InChIKey=ITHNIFCFNUZYLQ-UHFFFAOYSA-N;290.4;;60.86;3.043
604485;j.fluid.2011.07.007;diisopropyl oxalate;CC(C)OC(=O)C(=O)OC(C)C;615-81-6;InChIKey=ITHNIFCFNUZYLQ-UHFFFAOYSA-N;293.3;;60.6;3.03
604486;j.fluid.2011.07.007;diisopropyl oxalate;CC(C)OC(=O)C(=O)OC(C)C;615-81-6;InChIKey=ITHNIFCFNUZYLQ-UHFFFAOYSA-N;297.3;;60.23;3.0115
604487;j.fluid.2011.07.007;diisopropyl oxalate;CC(C)OC(=O)C(=O)OC(C)C;615-81-6;InChIKey=ITHNIFCFNUZYLQ-UHFFFAOYSA-N;300.3;;59.96;2.998
604488;j.fluid.2011.07.007;diisopropyl oxalate;CC(C)OC(=O)C(=O)OC(C)C;615-81-6;InChIKey=ITHNIFCFNUZYLQ-UHFFFAOYSA-N;303.3;;59.69;2.9845
604489;j.fluid.2011.07.007;diisopropyl oxalate;CC(C)OC(=O)C(=O)OC(C)C;615-81-6;InChIKey=ITHNIFCFNUZYLQ-UHFFFAOYSA-N;306.3;;59.41;2.9705
604490;j.fluid.2011.07.007;diisopropyl oxalate;CC(C)OC(=O)C(=O)OC(C)C;615-81-6;InChIKey=ITHNIFCFNUZYLQ-UHFFFAOYSA-N;308.3;;59.23;2.9615
604491;j.fluid.2011.07.007;diisopropyl oxalate;CC(C)OC(=O)C(=O)OC(C)C;615-81-6;InChIKey=ITHNIFCFNUZYLQ-UHFFFAOYSA-N;311.2;;58.96;2.948
604492;j.fluid.2011.07.007;diisopropyl oxalate;CC(C)OC(=O)C(=O)OC(C)C;615-81-6;InChIKey=ITHNIFCFNUZYLQ-UHFFFAOYSA-N;313.3;;58.77;2.9385
604493;j.fluid.2011.07.007;diisopropyl oxalate;CC(C)OC(=O)C(=O)OC(C)C;615-81-6;InChIKey=ITHNIFCFNUZYLQ-UHFFFAOYSA-N;316.3;;58.5;2.925
604494;j.fluid.2011.07.007;diisopropyl oxalate;CC(C)OC(=O)C(=O)OC(C)C;615-81-6;InChIKey=ITHNIFCFNUZYLQ-UHFFFAOYSA-N;318.4;;58.31;2.9155
604495;j.fluid.2011.07.007;diisopropyl oxalate;CC(C)OC(=O)C(=O)OC(C)C;615-81-6;InChIKey=ITHNIFCFNUZYLQ-UHFFFAOYSA-N;318.5;;58.3;2.915
604496;j.fluid.2011.07.007;diisopropyl oxalate;CC(C)OC(=O)C(=O)OC(C)C;615-81-6;InChIKey=ITHNIFCFNUZYLQ-UHFFFAOYSA-N;321.2;;58.05;2.9025
604497;j.fluid.2011.07.007;diisopropyl oxalate;CC(C)OC(=O)C(=O)OC(C)C;615-81-6;InChIKey=ITHNIFCFNUZYLQ-UHFFFAOYSA-N;322.4;;57.94;2.897
604498;j.fluid.2011.07.007;diisopropyl oxalate;CC(C)OC(=O)C(=O)OC(C)C;615-81-6;InChIKey=ITHNIFCFNUZYLQ-UHFFFAOYSA-N;323.6;;57.83;2.8915
604499;j.fluid.2011.07.007;diisopropyl oxalate;CC(C)OC(=O)C(=O)OC(C)C;615-81-6;InChIKey=ITHNIFCFNUZYLQ-UHFFFAOYSA-N;326.4;;57.57;2.8785
604500;j.fluid.2011.07.007;diisopropyl oxalate;CC(C)OC(=O)C(=O)OC(C)C;615-81-6;InChIKey=ITHNIFCFNUZYLQ-UHFFFAOYSA-N;330.5;;57.2;2.86
604518;j.fluid.2011.07.007;diisopropyl malonate;CC(C)OC(=O)CC(=O)OC(C)C;13195-64-7;InChIKey=QRVSDVDFJFKYKA-UHFFFAOYSA-N;289.3;;64.81;3.2405
604519;j.fluid.2011.07.007;diisopropyl malonate;CC(C)OC(=O)CC(=O)OC(C)C;13195-64-7;InChIKey=QRVSDVDFJFKYKA-UHFFFAOYSA-N;292.5;;64.49;3.2245
604520;j.fluid.2011.07.007;diisopropyl malonate;CC(C)OC(=O)CC(=O)OC(C)C;13195-64-7;InChIKey=QRVSDVDFJFKYKA-UHFFFAOYSA-N;295.4;;64.2;3.21
604521;j.fluid.2011.07.007;diisopropyl malonate;CC(C)OC(=O)CC(=O)OC(C)C;13195-64-7;InChIKey=QRVSDVDFJFKYKA-UHFFFAOYSA-N;298.4;;63.9;3.195
604522;j.fluid.2011.07.007;diisopropyl malonate;CC(C)OC(=O)CC(=O)OC(C)C;13195-64-7;InChIKey=QRVSDVDFJFKYKA-UHFFFAOYSA-N;301.4;;63.6;3.18
604523;j.fluid.2011.07.007;diisopropyl malonate;CC(C)OC(=O)CC(=O)OC(C)C;13195-64-7;InChIKey=QRVSDVDFJFKYKA-UHFFFAOYSA-N;304.4;;63.3;3.165
604524;j.fluid.2011.07.007;diisopropyl malonate;CC(C)OC(=O)CC(=O)OC(C)C;13195-64-7;InChIKey=QRVSDVDFJFKYKA-UHFFFAOYSA-N;307.4;;63.0;3.15
604525;j.fluid.2011.07.007;diisopropyl malonate;CC(C)OC(=O)CC(=O)OC(C)C;13195-64-7;InChIKey=QRVSDVDFJFKYKA-UHFFFAOYSA-N;310.4;;62.7;3.135
604526;j.fluid.2011.07.007;diisopropyl malonate;CC(C)OC(=O)CC(=O)OC(C)C;13195-64-7;InChIKey=QRVSDVDFJFKYKA-UHFFFAOYSA-N;313.4;;62.4;3.12
604527;j.fluid.2011.07.007;diisopropyl malonate;CC(C)OC(=O)CC(=O)OC(C)C;13195-64-7;InChIKey=QRVSDVDFJFKYKA-UHFFFAOYSA-N;315.4;;62.2;3.11
604528;j.fluid.2011.07.007;diisopropyl malonate;CC(C)OC(=O)CC(=O)OC(C)C;13195-64-7;InChIKey=QRVSDVDFJFKYKA-UHFFFAOYSA-N;316.5;;62.09;3.1045
604529;j.fluid.2011.07.007;diisopropyl malonate;CC(C)OC(=O)CC(=O)OC(C)C;13195-64-7;InChIKey=QRVSDVDFJFKYKA-UHFFFAOYSA-N;318.5;;61.9;3.095
604530;j.fluid.2011.07.007;diisopropyl malonate;CC(C)OC(=O)CC(=O)OC(C)C;13195-64-7;InChIKey=QRVSDVDFJFKYKA-UHFFFAOYSA-N;319.4;;61.81;3.0905
604531;j.fluid.2011.07.007;diisopropyl malonate;CC(C)OC(=O)CC(=O)OC(C)C;13195-64-7;InChIKey=QRVSDVDFJFKYKA-UHFFFAOYSA-N;321.5;;61.6;3.08
604532;j.fluid.2011.07.007;diisopropyl malonate;CC(C)OC(=O)CC(=O)OC(C)C;13195-64-7;InChIKey=QRVSDVDFJFKYKA-UHFFFAOYSA-N;322.5;;61.5;3.075
604533;j.fluid.2011.07.007;diisopropyl malonate;CC(C)OC(=O)CC(=O)OC(C)C;13195-64-7;InChIKey=QRVSDVDFJFKYKA-UHFFFAOYSA-N;323.5;;61.4;3.07
604534;j.fluid.2011.07.007;diisopropyl malonate;CC(C)OC(=O)CC(=O)OC(C)C;13195-64-7;InChIKey=QRVSDVDFJFKYKA-UHFFFAOYSA-N;325.4;;61.21;3.0605
604547;j.fluid.2011.07.007;bis(1-methylethyl) butanedioate;CC(C)OC(=O)CCC(=O)OC(C)C;924-88-9;InChIKey=YPLYFEUBZLLLIY-UHFFFAOYSA-N;304.4;;67.6;3.38
604548;j.fluid.2011.07.007;bis(1-methylethyl) butanedioate;CC(C)OC(=O)CCC(=O)OC(C)C;924-88-9;InChIKey=YPLYFEUBZLLLIY-UHFFFAOYSA-N;307.4;;67.28;3.364
604549;j.fluid.2011.07.007;bis(1-methylethyl) butanedioate;CC(C)OC(=O)CCC(=O)OC(C)C;924-88-9;InChIKey=YPLYFEUBZLLLIY-UHFFFAOYSA-N;310.4;;66.95;3.3475
604550;j.fluid.2011.07.007;bis(1-methylethyl) butanedioate;CC(C)OC(=O)CCC(=O)OC(C)C;924-88-9;InChIKey=YPLYFEUBZLLLIY-UHFFFAOYSA-N;313.4;;66.63;3.3315
604551;j.fluid.2011.07.007;bis(1-methylethyl) butanedioate;CC(C)OC(=O)CCC(=O)OC(C)C;924-88-9;InChIKey=YPLYFEUBZLLLIY-UHFFFAOYSA-N;316.4;;66.31;3.3155
604552;j.fluid.2011.07.007;bis(1-methylethyl) butanedioate;CC(C)OC(=O)CCC(=O)OC(C)C;924-88-9;InChIKey=YPLYFEUBZLLLIY-UHFFFAOYSA-N;318.5;;66.08;3.304
604553;j.fluid.2011.07.007;bis(1-methylethyl) butanedioate;CC(C)OC(=O)CCC(=O)OC(C)C;924-88-9;InChIKey=YPLYFEUBZLLLIY-UHFFFAOYSA-N;321.4;;65.77;3.2885
604554;j.fluid.2011.07.007;bis(1-methylethyl) butanedioate;CC(C)OC(=O)CCC(=O)OC(C)C;924-88-9;InChIKey=YPLYFEUBZLLLIY-UHFFFAOYSA-N;323.4;;65.55;3.2775
604555;j.fluid.2011.07.007;bis(1-methylethyl) butanedioate;CC(C)OC(=O)CCC(=O)OC(C)C;924-88-9;InChIKey=YPLYFEUBZLLLIY-UHFFFAOYSA-N;326.4;;65.23;3.2615
604556;j.fluid.2011.07.007;bis(1-methylethyl) butanedioate;CC(C)OC(=O)CCC(=O)OC(C)C;924-88-9;InChIKey=YPLYFEUBZLLLIY-UHFFFAOYSA-N;328.5;;65.0;3.25
604557;j.fluid.2011.07.007;bis(1-methylethyl) butanedioate;CC(C)OC(=O)CCC(=O)OC(C)C;924-88-9;InChIKey=YPLYFEUBZLLLIY-UHFFFAOYSA-N;331.4;;64.69;3.2345
604558;j.fluid.2011.07.007;bis(1-methylethyl) butanedioate;CC(C)OC(=O)CCC(=O)OC(C)C;924-88-9;InChIKey=YPLYFEUBZLLLIY-UHFFFAOYSA-N;333.3;;64.48;3.224
604571;j.fluid.2011.07.007;bis(1-methylethyl) pentanedioate;CC(C)OC(=O)CCCC(=O)OC(C)C;71340-46-0;InChIKey=MSQKMFXJFBXZNQ-UHFFFAOYSA-N;294.5;;72.98;3.649
604572;j.fluid.2011.07.007;bis(1-methylethyl) pentanedioate;CC(C)OC(=O)CCCC(=O)OC(C)C;71340-46-0;InChIKey=MSQKMFXJFBXZNQ-UHFFFAOYSA-N;297.5;;72.63;3.6315
604573;j.fluid.2011.07.007;bis(1-methylethyl) pentanedioate;CC(C)OC(=O)CCCC(=O)OC(C)C;71340-46-0;InChIKey=MSQKMFXJFBXZNQ-UHFFFAOYSA-N;300.5;;72.28;3.614
604574;j.fluid.2011.07.007;bis(1-methylethyl) pentanedioate;CC(C)OC(=O)CCCC(=O)OC(C)C;71340-46-0;InChIKey=MSQKMFXJFBXZNQ-UHFFFAOYSA-N;303.4;;71.94;3.597
604575;j.fluid.2011.07.007;bis(1-methylethyl) pentanedioate;CC(C)OC(=O)CCCC(=O)OC(C)C;71340-46-0;InChIKey=MSQKMFXJFBXZNQ-UHFFFAOYSA-N;306.4;;71.59;3.5795
604576;j.fluid.2011.07.007;bis(1-methylethyl) pentanedioate;CC(C)OC(=O)CCCC(=O)OC(C)C;71340-46-0;InChIKey=MSQKMFXJFBXZNQ-UHFFFAOYSA-N;309.5;;71.23;3.5615
604577;j.fluid.2011.07.007;bis(1-methylethyl) pentanedioate;CC(C)OC(=O)CCCC(=O)OC(C)C;71340-46-0;InChIKey=MSQKMFXJFBXZNQ-UHFFFAOYSA-N;312.5;;70.88;3.544
604578;j.fluid.2011.07.007;bis(1-methylethyl) pentanedioate;CC(C)OC(=O)CCCC(=O)OC(C)C;71340-46-0;InChIKey=MSQKMFXJFBXZNQ-UHFFFAOYSA-N;315.5;;70.53;3.5265
604579;j.fluid.2011.07.007;bis(1-methylethyl) pentanedioate;CC(C)OC(=O)CCCC(=O)OC(C)C;71340-46-0;InChIKey=MSQKMFXJFBXZNQ-UHFFFAOYSA-N;318.6;;70.17;3.5085
604580;j.fluid.2011.07.007;bis(1-methylethyl) pentanedioate;CC(C)OC(=O)CCCC(=O)OC(C)C;71340-46-0;InChIKey=MSQKMFXJFBXZNQ-UHFFFAOYSA-N;322.7;;69.7;3.485
604581;j.fluid.2011.07.007;bis(1-methylethyl) pentanedioate;CC(C)OC(=O)CCCC(=O)OC(C)C;71340-46-0;InChIKey=MSQKMFXJFBXZNQ-UHFFFAOYSA-N;324.4;;69.5;3.475
604582;j.fluid.2011.07.007;bis(1-methylethyl) pentanedioate;CC(C)OC(=O)CCCC(=O)OC(C)C;71340-46-0;InChIKey=MSQKMFXJFBXZNQ-UHFFFAOYSA-N;327.4;;69.15;3.4575
604640;j.fluid.2011.07.007;di-tert-butyl oxalate;CC(C)(C)OC(=O)C(=O)OC(C)(C)C;691-64-5;InChIKey=CIYGMWIAXRMHQS-UHFFFAOYSA-N;345.6;;58.47;2.9235
604641;j.fluid.2011.07.007;di-tert-butyl oxalate;CC(C)(C)OC(=O)C(=O)OC(C)(C)C;691-64-5;InChIKey=CIYGMWIAXRMHQS-UHFFFAOYSA-N;346.7;;58.35;2.9175
604642;j.fluid.2011.07.007;di-tert-butyl oxalate;CC(C)(C)OC(=O)C(=O)OC(C)(C)C;691-64-5;InChIKey=CIYGMWIAXRMHQS-UHFFFAOYSA-N;347.6;;58.26;2.913
604643;j.fluid.2011.07.007;di-tert-butyl oxalate;CC(C)(C)OC(=O)C(=O)OC(C)(C)C;691-64-5;InChIKey=CIYGMWIAXRMHQS-UHFFFAOYSA-N;348.6;;58.15;2.9075
604644;j.fluid.2011.07.007;di-tert-butyl oxalate;CC(C)(C)OC(=O)C(=O)OC(C)(C)C;691-64-5;InChIKey=CIYGMWIAXRMHQS-UHFFFAOYSA-N;351.5;;57.85;2.8925
604645;j.fluid.2011.07.007;di-tert-butyl oxalate;CC(C)(C)OC(=O)C(=O)OC(C)(C)C;691-64-5;InChIKey=CIYGMWIAXRMHQS-UHFFFAOYSA-N;351.7;;57.82;2.891
604646;j.fluid.2011.07.007;di-tert-butyl oxalate;CC(C)(C)OC(=O)C(=O)OC(C)(C)C;691-64-5;InChIKey=CIYGMWIAXRMHQS-UHFFFAOYSA-N;352.5;;57.74;2.887
604647;j.fluid.2011.07.007;di-tert-butyl oxalate;CC(C)(C)OC(=O)C(=O)OC(C)(C)C;691-64-5;InChIKey=CIYGMWIAXRMHQS-UHFFFAOYSA-N;354.5;;57.53;2.8765
604648;j.fluid.2011.07.007;di-tert-butyl oxalate;CC(C)(C)OC(=O)C(=O)OC(C)(C)C;691-64-5;InChIKey=CIYGMWIAXRMHQS-UHFFFAOYSA-N;356.5;;57.32;2.866
604649;j.fluid.2011.07.007;di-tert-butyl oxalate;CC(C)(C)OC(=O)C(=O)OC(C)(C)C;691-64-5;InChIKey=CIYGMWIAXRMHQS-UHFFFAOYSA-N;357.5;;57.21;2.8605
604650;j.fluid.2011.07.007;di-tert-butyl oxalate;CC(C)(C)OC(=O)C(=O)OC(C)(C)C;691-64-5;InChIKey=CIYGMWIAXRMHQS-UHFFFAOYSA-N;360.7;;56.88;2.844
604651;j.fluid.2011.07.007;di-tert-butyl oxalate;CC(C)(C)OC(=O)C(=O)OC(C)(C)C;691-64-5;InChIKey=CIYGMWIAXRMHQS-UHFFFAOYSA-N;361.2;;56.82;2.841
604652;j.fluid.2011.07.007;di-tert-butyl oxalate;CC(C)(C)OC(=O)C(=O)OC(C)(C)C;691-64-5;InChIKey=CIYGMWIAXRMHQS-UHFFFAOYSA-N;363.7;;56.56;2.828
604653;j.fluid.2011.07.007;di-tert-butyl oxalate;CC(C)(C)OC(=O)C(=O)OC(C)(C)C;691-64-5;InChIKey=CIYGMWIAXRMHQS-UHFFFAOYSA-N;366.2;;56.3;2.815
604654;j.fluid.2011.07.007;di-tert-butyl oxalate;CC(C)(C)OC(=O)C(=O)OC(C)(C)C;691-64-5;InChIKey=CIYGMWIAXRMHQS-UHFFFAOYSA-N;371.2;;55.77;2.7885
604676;j.fluid.2011.07.007;bis(1,1-dimethylethyl) propanedioate;CC(C)(C)OC(=O)CC(=O)OC(C)(C)C;541-16-2;InChIKey=CLPHAYNBNTVRDI-UHFFFAOYSA-N;293.7;;66.29;3.3145
604677;j.fluid.2011.07.007;bis(1,1-dimethylethyl) propanedioate;CC(C)(C)OC(=O)CC(=O)OC(C)(C)C;541-16-2;InChIKey=CLPHAYNBNTVRDI-UHFFFAOYSA-N;295.7;;66.07;3.3035
604678;j.fluid.2011.07.007;bis(1,1-dimethylethyl) propanedioate;CC(C)(C)OC(=O)CC(=O)OC(C)(C)C;541-16-2;InChIKey=CLPHAYNBNTVRDI-UHFFFAOYSA-N;298.6;;65.73;3.2865
604679;j.fluid.2011.07.007;bis(1,1-dimethylethyl) propanedioate;CC(C)(C)OC(=O)CC(=O)OC(C)(C)C;541-16-2;InChIKey=CLPHAYNBNTVRDI-UHFFFAOYSA-N;301.7;;65.39;3.2695
604680;j.fluid.2011.07.007;bis(1,1-dimethylethyl) propanedioate;CC(C)(C)OC(=O)CC(=O)OC(C)(C)C;541-16-2;InChIKey=CLPHAYNBNTVRDI-UHFFFAOYSA-N;303.6;;65.17;3.2585
604681;j.fluid.2011.07.007;bis(1,1-dimethylethyl) propanedioate;CC(C)(C)OC(=O)CC(=O)OC(C)(C)C;541-16-2;InChIKey=CLPHAYNBNTVRDI-UHFFFAOYSA-N;306.6;;64.83;3.2415
604682;j.fluid.2011.07.007;bis(1,1-dimethylethyl) propanedioate;CC(C)(C)OC(=O)CC(=O)OC(C)(C)C;541-16-2;InChIKey=CLPHAYNBNTVRDI-UHFFFAOYSA-N;308.6;;64.6;3.23
604683;j.fluid.2011.07.007;bis(1,1-dimethylethyl) propanedioate;CC(C)(C)OC(=O)CC(=O)OC(C)(C)C;541-16-2;InChIKey=CLPHAYNBNTVRDI-UHFFFAOYSA-N;310.7;;64.37;3.2185
604684;j.fluid.2011.07.007;bis(1,1-dimethylethyl) propanedioate;CC(C)(C)OC(=O)CC(=O)OC(C)(C)C;541-16-2;InChIKey=CLPHAYNBNTVRDI-UHFFFAOYSA-N;312.6;;64.14;3.207
604685;j.fluid.2011.07.007;bis(1,1-dimethylethyl) propanedioate;CC(C)(C)OC(=O)CC(=O)OC(C)(C)C;541-16-2;InChIKey=CLPHAYNBNTVRDI-UHFFFAOYSA-N;315.6;;63.8;3.19
604686;j.fluid.2011.07.007;bis(1,1-dimethylethyl) propanedioate;CC(C)(C)OC(=O)CC(=O)OC(C)(C)C;541-16-2;InChIKey=CLPHAYNBNTVRDI-UHFFFAOYSA-N;317.6;;63.58;3.179
604687;j.fluid.2011.07.007;bis(1,1-dimethylethyl) propanedioate;CC(C)(C)OC(=O)CC(=O)OC(C)(C)C;541-16-2;InChIKey=CLPHAYNBNTVRDI-UHFFFAOYSA-N;319.6;;63.35;3.1675
604688;j.fluid.2011.07.007;bis(1,1-dimethylethyl) propanedioate;CC(C)(C)OC(=O)CC(=O)OC(C)(C)C;541-16-2;InChIKey=CLPHAYNBNTVRDI-UHFFFAOYSA-N;321.6;;63.12;3.156
604689;j.fluid.2011.07.007;bis(1,1-dimethylethyl) propanedioate;CC(C)(C)OC(=O)CC(=O)OC(C)(C)C;541-16-2;InChIKey=CLPHAYNBNTVRDI-UHFFFAOYSA-N;323.6;;62.9;3.145
604690;j.fluid.2011.07.007;bis(1,1-dimethylethyl) propanedioate;CC(C)(C)OC(=O)CC(=O)OC(C)(C)C;541-16-2;InChIKey=CLPHAYNBNTVRDI-UHFFFAOYSA-N;324.7;;62.78;3.139
604691;j.fluid.2011.07.007;bis(1,1-dimethylethyl) propanedioate;CC(C)(C)OC(=O)CC(=O)OC(C)(C)C;541-16-2;InChIKey=CLPHAYNBNTVRDI-UHFFFAOYSA-N;327.6;;62.45;3.1225
604692;j.fluid.2011.07.007;bis(1,1-dimethylethyl) propanedioate;CC(C)(C)OC(=O)CC(=O)OC(C)(C)C;541-16-2;InChIKey=CLPHAYNBNTVRDI-UHFFFAOYSA-N;333.5;;61.77;3.0885
604693;j.fluid.2011.07.007;bis(1,1-dimethylethyl) propanedioate;CC(C)(C)OC(=O)CC(=O)OC(C)(C)C;541-16-2;InChIKey=CLPHAYNBNTVRDI-UHFFFAOYSA-N;336.5;;61.44;3.072
604694;j.fluid.2011.07.007;bis(1,1-dimethylethyl) propanedioate;CC(C)(C)OC(=O)CC(=O)OC(C)(C)C;541-16-2;InChIKey=CLPHAYNBNTVRDI-UHFFFAOYSA-N;339.5;;61.1;3.055
604695;j.fluid.2011.07.007;bis(1,1-dimethylethyl) propanedioate;CC(C)(C)OC(=O)CC(=O)OC(C)(C)C;541-16-2;InChIKey=CLPHAYNBNTVRDI-UHFFFAOYSA-N;342.5;;60.76;3.038
604696;j.fluid.2011.07.007;bis(1,1-dimethylethyl) propanedioate;CC(C)(C)OC(=O)CC(=O)OC(C)(C)C;541-16-2;InChIKey=CLPHAYNBNTVRDI-UHFFFAOYSA-N;345.5;;60.41;3.0205
604745;j.fluid.2011.07.007;di-tert-butyl glutarate;CC(C)(C)OC(=O)CCCC(=O)OC(C)(C)C;43052-39-7;InChIKey=FXJKNCDSABKERB-UHFFFAOYSA-N;295.2;;72.05;3.6025
604746;j.fluid.2011.07.007;di-tert-butyl glutarate;CC(C)(C)OC(=O)CCCC(=O)OC(C)(C)C;43052-39-7;InChIKey=FXJKNCDSABKERB-UHFFFAOYSA-N;297.2;;71.79;3.5895
604747;j.fluid.2011.07.007;di-tert-butyl glutarate;CC(C)(C)OC(=O)CCCC(=O)OC(C)(C)C;43052-39-7;InChIKey=FXJKNCDSABKERB-UHFFFAOYSA-N;299.2;;71.53;3.5765
604748;j.fluid.2011.07.007;di-tert-butyl glutarate;CC(C)(C)OC(=O)CCCC(=O)OC(C)(C)C;43052-39-7;InChIKey=FXJKNCDSABKERB-UHFFFAOYSA-N;301.2;;71.27;3.5635
604749;j.fluid.2011.07.007;di-tert-butyl glutarate;CC(C)(C)OC(=O)CCCC(=O)OC(C)(C)C;43052-39-7;InChIKey=FXJKNCDSABKERB-UHFFFAOYSA-N;303.2;;71.01;3.5505
604750;j.fluid.2011.07.007;di-tert-butyl glutarate;CC(C)(C)OC(=O)CCCC(=O)OC(C)(C)C;43052-39-7;InChIKey=FXJKNCDSABKERB-UHFFFAOYSA-N;305.2;;70.75;3.5375
604751;j.fluid.2011.07.007;di-tert-butyl glutarate;CC(C)(C)OC(=O)CCCC(=O)OC(C)(C)C;43052-39-7;InChIKey=FXJKNCDSABKERB-UHFFFAOYSA-N;307.2;;70.49;3.5245
604752;j.fluid.2011.07.007;di-tert-butyl glutarate;CC(C)(C)OC(=O)CCCC(=O)OC(C)(C)C;43052-39-7;InChIKey=FXJKNCDSABKERB-UHFFFAOYSA-N;309.2;;70.23;3.5115
604753;j.fluid.2011.07.007;di-tert-butyl glutarate;CC(C)(C)OC(=O)CCCC(=O)OC(C)(C)C;43052-39-7;InChIKey=FXJKNCDSABKERB-UHFFFAOYSA-N;311.2;;69.97;3.4985
604754;j.fluid.2011.07.007;di-tert-butyl glutarate;CC(C)(C)OC(=O)CCCC(=O)OC(C)(C)C;43052-39-7;InChIKey=FXJKNCDSABKERB-UHFFFAOYSA-N;313.2;;69.71;3.4855
604755;j.fluid.2011.07.007;di-tert-butyl glutarate;CC(C)(C)OC(=O)CCCC(=O)OC(C)(C)C;43052-39-7;InChIKey=FXJKNCDSABKERB-UHFFFAOYSA-N;315.2;;69.45;3.4725
604756;j.fluid.2011.07.007;di-tert-butyl glutarate;CC(C)(C)OC(=O)CCCC(=O)OC(C)(C)C;43052-39-7;InChIKey=FXJKNCDSABKERB-UHFFFAOYSA-N;317.2;;69.19;3.4595
604757;j.fluid.2011.07.007;di-tert-butyl glutarate;CC(C)(C)OC(=O)CCCC(=O)OC(C)(C)C;43052-39-7;InChIKey=FXJKNCDSABKERB-UHFFFAOYSA-N;319.2;;68.93;3.4465
604758;j.fluid.2011.07.007;di-tert-butyl glutarate;CC(C)(C)OC(=O)CCCC(=O)OC(C)(C)C;43052-39-7;InChIKey=FXJKNCDSABKERB-UHFFFAOYSA-N;321.2;;68.67;3.4335
604759;j.fluid.2011.07.007;di-tert-butyl glutarate;CC(C)(C)OC(=O)CCCC(=O)OC(C)(C)C;43052-39-7;InChIKey=FXJKNCDSABKERB-UHFFFAOYSA-N;323.2;;68.41;3.4205
604760;j.fluid.2011.07.007;di-tert-butyl glutarate;CC(C)(C)OC(=O)CCCC(=O)OC(C)(C)C;43052-39-7;InChIKey=FXJKNCDSABKERB-UHFFFAOYSA-N;325.2;;68.15;3.4075
623906;j.fluid.2012.08.003;pentyl methanoate;CCCCCOC=O;638-49-3;InChIKey=DIQMPQMYFZXDAX-UHFFFAOYSA-N;298.15;;45.2;0.1
623921;j.fluid.2012.08.003;hexyl methanoate;CCCCCCOC=O;629-33-4;InChIKey=OUGPMNMLWKSBRI-UHFFFAOYSA-N;298.15;;50.0;0.3
623938;j.fluid.2012.08.003;heptyl methanoate;CCCCCCCOC=O;112-23-2;InChIKey=XEAMDSXSXYAICO-UHFFFAOYSA-N;298.15;;53.8;0.2
623956;j.fluid.2012.08.003;octyl methanoate;CCCCCCCCOC=O;112-32-3;InChIKey=AVBRYQRTMPHARE-UHFFFAOYSA-N;298.15;;58.2;0.2
623972;j.fluid.2012.08.003;pentyl ethanoate;CCCCCOC(C)=O;628-63-7;InChIKey=PGMYKACGEOXYJE-UHFFFAOYSA-N;298.15;;48.0;0.2
623989;j.fluid.2012.08.003;amyl propionate;CCCCCOC(=O)CC;624-54-4;InChIKey=TWSRVQVEYJNFKQ-UHFFFAOYSA-N;298.15;;52.2;0.1
624006;j.fluid.2012.08.003;hexyl propanoate;CCCCCCOC(=O)CC;2445-76-3;InChIKey=GOKKOFHHJFGZHW-UHFFFAOYSA-N;298.15;;57.1;0.2
624023;j.fluid.2012.08.003;octyl propanoate;CCCCCCCCOC(=O)CC;142-60-9;InChIKey=CEQGYPPMTKWBIU-UHFFFAOYSA-N;298.15;;66.4;0.2
624986;j.fluid.2012.08.020;2-methyl-1,1'-biphenyl;Cc1ccccc1c2ccccc2;643-58-3;InChIKey=ALLIZEAXNXSFGD-UHFFFAOYSA-N;298.15;;65.23;0.18
625007;j.fluid.2012.08.020;3-methylbiphenyl;Cc1cccc(c1)c2ccccc2;643-93-6;InChIKey=NPDIDUXTRAITDE-UHFFFAOYSA-N;298.15;;68.45;0.29
625041;j.fluid.2012.08.020;3-(1-Methylethyl)-1,1'-biphenyl;CC(C)c1cccc(c1)c2ccccc2;20282-30-8;InChIKey=LIWRTHVZRZXVFX-UHFFFAOYSA-N;298.15;;76.39;0.83
625106;j.fluid.2012.08.020;3-(1-Methylethyl)-1,1'-biphenyl;CC(C)c1cccc(c1)c2ccccc2;20282-30-8;InChIKey=LIWRTHVZRZXVFX-UHFFFAOYSA-N;323.15;;74.34;0.52
625107;j.fluid.2012.08.020;3-(1-Methylethyl)-1,1'-biphenyl;CC(C)c1cccc(c1)c2ccccc2;20282-30-8;InChIKey=LIWRTHVZRZXVFX-UHFFFAOYSA-N;333.15;;73.2;0.54
625108;j.fluid.2012.08.020;3-(1-Methylethyl)-1,1'-biphenyl;CC(C)c1cccc(c1)c2ccccc2;20282-30-8;InChIKey=LIWRTHVZRZXVFX-UHFFFAOYSA-N;343.15;;72.37;0.53
625109;j.fluid.2012.08.020;3-(1-Methylethyl)-1,1'-biphenyl;CC(C)c1cccc(c1)c2ccccc2;20282-30-8;InChIKey=LIWRTHVZRZXVFX-UHFFFAOYSA-N;353.15;;71.59;0.51
625110;j.fluid.2012.08.020;3-(1-Methylethyl)-1,1'-biphenyl;CC(C)c1cccc(c1)c2ccccc2;20282-30-8;InChIKey=LIWRTHVZRZXVFX-UHFFFAOYSA-N;363.15;;70.28;0.52
625111;j.fluid.2012.08.020;3-(1-Methylethyl)-1,1'-biphenyl;CC(C)c1cccc(c1)c2ccccc2;20282-30-8;InChIKey=LIWRTHVZRZXVFX-UHFFFAOYSA-N;373.15;;69.54;0.51
625144;j.fluid.2012.08.020;4,4'-bis(1,1-dimethylethyl)-1,1'-biphenyl;CC(C)(C)c1ccc(cc1)c2ccc(cc2)C(C)(C)C;1625-91-8;InChIKey=CDKCEZNPAYWORX-UHFFFAOYSA-N;298.15;;108.63;0.5
682215;j.fluid.2014.07.029;benzene, fluoro-;Fc1ccccc1;462-06-6;InChIKey=PYLWMHQQBFSUBP-UHFFFAOYSA-N;274.2;;35.68;
682216;j.fluid.2014.07.029;benzene, fluoro-;Fc1ccccc1;462-06-6;InChIKey=PYLWMHQQBFSUBP-UHFFFAOYSA-N;278.2;;35.49;
682217;j.fluid.2014.07.029;benzene, fluoro-;Fc1ccccc1;462-06-6;InChIKey=PYLWMHQQBFSUBP-UHFFFAOYSA-N;283.2;;35.25;
682218;j.fluid.2014.07.029;benzene, fluoro-;Fc1ccccc1;462-06-6;InChIKey=PYLWMHQQBFSUBP-UHFFFAOYSA-N;288.2;;35.0;
682219;j.fluid.2014.07.029;benzene, fluoro-;Fc1ccccc1;462-06-6;InChIKey=PYLWMHQQBFSUBP-UHFFFAOYSA-N;293.2;;34.76;
682220;j.fluid.2014.07.029;benzene, fluoro-;Fc1ccccc1;462-06-6;InChIKey=PYLWMHQQBFSUBP-UHFFFAOYSA-N;298.2;;34.52;
682221;j.fluid.2014.07.029;benzene, fluoro-;Fc1ccccc1;462-06-6;InChIKey=PYLWMHQQBFSUBP-UHFFFAOYSA-N;303.2;;34.27;
682234;j.fluid.2014.07.029;chlorobenzene;Clc1ccccc1;68411-45-0;InChIKey=MVPPADPHJFYWMZ-UHFFFAOYSA-N;274.5;;42.42;
682235;j.fluid.2014.07.029;chlorobenzene;Clc1ccccc1;68411-45-0;InChIKey=MVPPADPHJFYWMZ-UHFFFAOYSA-N;277.3;;42.28;
682236;j.fluid.2014.07.029;chlorobenzene;Clc1ccccc1;68411-45-0;InChIKey=MVPPADPHJFYWMZ-UHFFFAOYSA-N;280.3;;42.13;
682237;j.fluid.2014.07.029;chlorobenzene;Clc1ccccc1;68411-45-0;InChIKey=MVPPADPHJFYWMZ-UHFFFAOYSA-N;283.3;;41.97;
682238;j.fluid.2014.07.029;chlorobenzene;Clc1ccccc1;68411-45-0;InChIKey=MVPPADPHJFYWMZ-UHFFFAOYSA-N;286.3;;41.82;
682239;j.fluid.2014.07.029;chlorobenzene;Clc1ccccc1;68411-45-0;InChIKey=MVPPADPHJFYWMZ-UHFFFAOYSA-N;289.3;;41.67;
682240;j.fluid.2014.07.029;chlorobenzene;Clc1ccccc1;68411-45-0;InChIKey=MVPPADPHJFYWMZ-UHFFFAOYSA-N;292.2;;41.52;
682241;j.fluid.2014.07.029;chlorobenzene;Clc1ccccc1;68411-45-0;InChIKey=MVPPADPHJFYWMZ-UHFFFAOYSA-N;295.2;;41.37;
682242;j.fluid.2014.07.029;chlorobenzene;Clc1ccccc1;68411-45-0;InChIKey=MVPPADPHJFYWMZ-UHFFFAOYSA-N;298.2;;41.22;
682243;j.fluid.2014.07.029;chlorobenzene;Clc1ccccc1;68411-45-0;InChIKey=MVPPADPHJFYWMZ-UHFFFAOYSA-N;301.2;;41.07;
682244;j.fluid.2014.07.029;chlorobenzene;Clc1ccccc1;68411-45-0;InChIKey=MVPPADPHJFYWMZ-UHFFFAOYSA-N;304.2;;40.92;
682245;j.fluid.2014.07.029;chlorobenzene;Clc1ccccc1;68411-45-0;InChIKey=MVPPADPHJFYWMZ-UHFFFAOYSA-N;307.2;;40.76;
682260;j.fluid.2014.07.029;2-chlorotoluene;Cc1ccccc1Cl;95-49-8;InChIKey=IBSQPLPBRSHTTG-UHFFFAOYSA-N;274.2;;47.81;
682261;j.fluid.2014.07.029;2-chlorotoluene;Cc1ccccc1Cl;95-49-8;InChIKey=IBSQPLPBRSHTTG-UHFFFAOYSA-N;277.1;;47.64;
682262;j.fluid.2014.07.029;2-chlorotoluene;Cc1ccccc1Cl;95-49-8;InChIKey=IBSQPLPBRSHTTG-UHFFFAOYSA-N;280.3;;47.46;
682263;j.fluid.2014.07.029;2-chlorotoluene;Cc1ccccc1Cl;95-49-8;InChIKey=IBSQPLPBRSHTTG-UHFFFAOYSA-N;283.2;;47.3;
682264;j.fluid.2014.07.029;2-chlorotoluene;Cc1ccccc1Cl;95-49-8;InChIKey=IBSQPLPBRSHTTG-UHFFFAOYSA-N;286.1;;47.13;
682265;j.fluid.2014.07.029;2-chlorotoluene;Cc1ccccc1Cl;95-49-8;InChIKey=IBSQPLPBRSHTTG-UHFFFAOYSA-N;288.2;;47.01;
682266;j.fluid.2014.07.029;2-chlorotoluene;Cc1ccccc1Cl;95-49-8;InChIKey=IBSQPLPBRSHTTG-UHFFFAOYSA-N;291.2;;46.84;
682267;j.fluid.2014.07.029;2-chlorotoluene;Cc1ccccc1Cl;95-49-8;InChIKey=IBSQPLPBRSHTTG-UHFFFAOYSA-N;294.1;;46.68;
682268;j.fluid.2014.07.029;2-chlorotoluene;Cc1ccccc1Cl;95-49-8;InChIKey=IBSQPLPBRSHTTG-UHFFFAOYSA-N;297.2;;46.5;
682269;j.fluid.2014.07.029;2-chlorotoluene;Cc1ccccc1Cl;95-49-8;InChIKey=IBSQPLPBRSHTTG-UHFFFAOYSA-N;297.2;;46.5;
682270;j.fluid.2014.07.029;2-chlorotoluene;Cc1ccccc1Cl;95-49-8;InChIKey=IBSQPLPBRSHTTG-UHFFFAOYSA-N;297.2;;46.5;
682271;j.fluid.2014.07.029;2-chlorotoluene;Cc1ccccc1Cl;95-49-8;InChIKey=IBSQPLPBRSHTTG-UHFFFAOYSA-N;300.2;;46.33;
682272;j.fluid.2014.07.029;2-chlorotoluene;Cc1ccccc1Cl;95-49-8;InChIKey=IBSQPLPBRSHTTG-UHFFFAOYSA-N;303.2;;46.16;
682273;j.fluid.2014.07.029;2-chlorotoluene;Cc1ccccc1Cl;95-49-8;InChIKey=IBSQPLPBRSHTTG-UHFFFAOYSA-N;306.2;;45.99;
682288;j.fluid.2014.07.029;3-chlorotoluene;Cc1cccc(Cl)c1;108-41-8;InChIKey=OSOUNOBYRMOXQQ-UHFFFAOYSA-N;274.2;;48.26;
682289;j.fluid.2014.07.029;3-chlorotoluene;Cc1cccc(Cl)c1;108-41-8;InChIKey=OSOUNOBYRMOXQQ-UHFFFAOYSA-N;277.2;;48.1;
682290;j.fluid.2014.07.029;3-chlorotoluene;Cc1cccc(Cl)c1;108-41-8;InChIKey=OSOUNOBYRMOXQQ-UHFFFAOYSA-N;280.2;;47.93;
682291;j.fluid.2014.07.029;3-chlorotoluene;Cc1cccc(Cl)c1;108-41-8;InChIKey=OSOUNOBYRMOXQQ-UHFFFAOYSA-N;283.1;;47.77;
682292;j.fluid.2014.07.029;3-chlorotoluene;Cc1cccc(Cl)c1;108-41-8;InChIKey=OSOUNOBYRMOXQQ-UHFFFAOYSA-N;286.2;;47.6;
682293;j.fluid.2014.07.029;3-chlorotoluene;Cc1cccc(Cl)c1;108-41-8;InChIKey=OSOUNOBYRMOXQQ-UHFFFAOYSA-N;288.2;;47.49;
682294;j.fluid.2014.07.029;3-chlorotoluene;Cc1cccc(Cl)c1;108-41-8;InChIKey=OSOUNOBYRMOXQQ-UHFFFAOYSA-N;291.2;;47.33;
682295;j.fluid.2014.07.029;3-chlorotoluene;Cc1cccc(Cl)c1;108-41-8;InChIKey=OSOUNOBYRMOXQQ-UHFFFAOYSA-N;294.2;;47.16;
682296;j.fluid.2014.07.029;3-chlorotoluene;Cc1cccc(Cl)c1;108-41-8;InChIKey=OSOUNOBYRMOXQQ-UHFFFAOYSA-N;294.2;;47.16;
682297;j.fluid.2014.07.029;3-chlorotoluene;Cc1cccc(Cl)c1;108-41-8;InChIKey=OSOUNOBYRMOXQQ-UHFFFAOYSA-N;297.2;;46.99;
682298;j.fluid.2014.07.029;3-chlorotoluene;Cc1cccc(Cl)c1;108-41-8;InChIKey=OSOUNOBYRMOXQQ-UHFFFAOYSA-N;300.2;;46.83;
682299;j.fluid.2014.07.029;3-chlorotoluene;Cc1cccc(Cl)c1;108-41-8;InChIKey=OSOUNOBYRMOXQQ-UHFFFAOYSA-N;303.2;;46.66;
682300;j.fluid.2014.07.029;3-chlorotoluene;Cc1cccc(Cl)c1;108-41-8;InChIKey=OSOUNOBYRMOXQQ-UHFFFAOYSA-N;306.3;;46.49;
682301;j.fluid.2014.07.029;3-chlorotoluene;Cc1cccc(Cl)c1;108-41-8;InChIKey=OSOUNOBYRMOXQQ-UHFFFAOYSA-N;309.2;;46.33;
682319;j.fluid.2014.07.029;4-chlorotoluene;Cc1ccc(Cl)cc1;106-43-4;InChIKey=NPDACUSDTOMAMK-UHFFFAOYSA-N;274.3;;47.85;
682320;j.fluid.2014.07.029;4-chlorotoluene;Cc1ccc(Cl)cc1;106-43-4;InChIKey=NPDACUSDTOMAMK-UHFFFAOYSA-N;274.3;;47.85;
682321;j.fluid.2014.07.029;4-chlorotoluene;Cc1ccc(Cl)cc1;106-43-4;InChIKey=NPDACUSDTOMAMK-UHFFFAOYSA-N;276.1;;47.74;
682322;j.fluid.2014.07.029;4-chlorotoluene;Cc1ccc(Cl)cc1;106-43-4;InChIKey=NPDACUSDTOMAMK-UHFFFAOYSA-N;278.2;;47.63;
682323;j.fluid.2014.07.029;4-chlorotoluene;Cc1ccc(Cl)cc1;106-43-4;InChIKey=NPDACUSDTOMAMK-UHFFFAOYSA-N;280.2;;47.51;
682324;j.fluid.2014.07.029;4-chlorotoluene;Cc1ccc(Cl)cc1;106-43-4;InChIKey=NPDACUSDTOMAMK-UHFFFAOYSA-N;282.1;;47.4;
682325;j.fluid.2014.07.029;4-chlorotoluene;Cc1ccc(Cl)cc1;106-43-4;InChIKey=NPDACUSDTOMAMK-UHFFFAOYSA-N;285.2;;47.23;
682326;j.fluid.2014.07.029;4-chlorotoluene;Cc1ccc(Cl)cc1;106-43-4;InChIKey=NPDACUSDTOMAMK-UHFFFAOYSA-N;288.2;;47.06;
682327;j.fluid.2014.07.029;4-chlorotoluene;Cc1ccc(Cl)cc1;106-43-4;InChIKey=NPDACUSDTOMAMK-UHFFFAOYSA-N;288.2;;47.06;
682328;j.fluid.2014.07.029;4-chlorotoluene;Cc1ccc(Cl)cc1;106-43-4;InChIKey=NPDACUSDTOMAMK-UHFFFAOYSA-N;288.2;;47.06;
682329;j.fluid.2014.07.029;4-chlorotoluene;Cc1ccc(Cl)cc1;106-43-4;InChIKey=NPDACUSDTOMAMK-UHFFFAOYSA-N;291.3;;46.88;
682330;j.fluid.2014.07.029;4-chlorotoluene;Cc1ccc(Cl)cc1;106-43-4;InChIKey=NPDACUSDTOMAMK-UHFFFAOYSA-N;294.2;;46.72;
682331;j.fluid.2014.07.029;4-chlorotoluene;Cc1ccc(Cl)cc1;106-43-4;InChIKey=NPDACUSDTOMAMK-UHFFFAOYSA-N;297.2;;46.55;
682332;j.fluid.2014.07.029;4-chlorotoluene;Cc1ccc(Cl)cc1;106-43-4;InChIKey=NPDACUSDTOMAMK-UHFFFAOYSA-N;300.3;;46.38;
682333;j.fluid.2014.07.029;4-chlorotoluene;Cc1ccc(Cl)cc1;106-43-4;InChIKey=NPDACUSDTOMAMK-UHFFFAOYSA-N;303.2;;46.21;
682334;j.fluid.2014.07.029;4-chlorotoluene;Cc1ccc(Cl)cc1;106-43-4;InChIKey=NPDACUSDTOMAMK-UHFFFAOYSA-N;306.3;;46.04;
682335;j.fluid.2014.07.029;4-chlorotoluene;Cc1ccc(Cl)cc1;106-43-4;InChIKey=NPDACUSDTOMAMK-UHFFFAOYSA-N;309.2;;45.87;
682351;j.fluid.2014.07.029;2-chloro-1,3-dimethylbenzene;Cc1cccc(C)c1Cl;6781-98-2;InChIKey=VDXLAYAQGYCQEO-UHFFFAOYSA-N;274.5;;51.34;
682352;j.fluid.2014.07.029;2-chloro-1,3-dimethylbenzene;Cc1cccc(C)c1Cl;6781-98-2;InChIKey=VDXLAYAQGYCQEO-UHFFFAOYSA-N;276.2;;51.23;
682353;j.fluid.2014.07.029;2-chloro-1,3-dimethylbenzene;Cc1cccc(C)c1Cl;6781-98-2;InChIKey=VDXLAYAQGYCQEO-UHFFFAOYSA-N;279.2;;51.03;
682354;j.fluid.2014.07.029;2-chloro-1,3-dimethylbenzene;Cc1cccc(C)c1Cl;6781-98-2;InChIKey=VDXLAYAQGYCQEO-UHFFFAOYSA-N;282.2;;50.83;
682355;j.fluid.2014.07.029;2-chloro-1,3-dimethylbenzene;Cc1cccc(C)c1Cl;6781-98-2;InChIKey=VDXLAYAQGYCQEO-UHFFFAOYSA-N;284.1;;50.71;
682356;j.fluid.2014.07.029;2-chloro-1,3-dimethylbenzene;Cc1cccc(C)c1Cl;6781-98-2;InChIKey=VDXLAYAQGYCQEO-UHFFFAOYSA-N;287.1;;50.51;
682357;j.fluid.2014.07.029;2-chloro-1,3-dimethylbenzene;Cc1cccc(C)c1Cl;6781-98-2;InChIKey=VDXLAYAQGYCQEO-UHFFFAOYSA-N;287.2;;50.5;
682358;j.fluid.2014.07.029;2-chloro-1,3-dimethylbenzene;Cc1cccc(C)c1Cl;6781-98-2;InChIKey=VDXLAYAQGYCQEO-UHFFFAOYSA-N;290.1;;50.31;
682359;j.fluid.2014.07.029;2-chloro-1,3-dimethylbenzene;Cc1cccc(C)c1Cl;6781-98-2;InChIKey=VDXLAYAQGYCQEO-UHFFFAOYSA-N;293.3;;50.1;
682360;j.fluid.2014.07.029;2-chloro-1,3-dimethylbenzene;Cc1cccc(C)c1Cl;6781-98-2;InChIKey=VDXLAYAQGYCQEO-UHFFFAOYSA-N;296.3;;49.9;
682361;j.fluid.2014.07.029;2-chloro-1,3-dimethylbenzene;Cc1cccc(C)c1Cl;6781-98-2;InChIKey=VDXLAYAQGYCQEO-UHFFFAOYSA-N;298.2;;49.78;
682362;j.fluid.2014.07.029;2-chloro-1,3-dimethylbenzene;Cc1cccc(C)c1Cl;6781-98-2;InChIKey=VDXLAYAQGYCQEO-UHFFFAOYSA-N;298.3;;49.77;
682363;j.fluid.2014.07.029;2-chloro-1,3-dimethylbenzene;Cc1cccc(C)c1Cl;6781-98-2;InChIKey=VDXLAYAQGYCQEO-UHFFFAOYSA-N;298.3;;49.77;
682364;j.fluid.2014.07.029;2-chloro-1,3-dimethylbenzene;Cc1cccc(C)c1Cl;6781-98-2;InChIKey=VDXLAYAQGYCQEO-UHFFFAOYSA-N;300.4;;49.64;
682365;j.fluid.2014.07.029;2-chloro-1,3-dimethylbenzene;Cc1cccc(C)c1Cl;6781-98-2;InChIKey=VDXLAYAQGYCQEO-UHFFFAOYSA-N;305.4;;49.31;
682379;j.fluid.2014.07.029;1,3-dichloro-2-methylbenzene;Cc1c(Cl)cccc1Cl;118-69-4;InChIKey=DMEDNTFWIHCBRK-UHFFFAOYSA-N;274.2;;53.15;
682380;j.fluid.2014.07.029;1,3-dichloro-2-methylbenzene;Cc1c(Cl)cccc1Cl;118-69-4;InChIKey=DMEDNTFWIHCBRK-UHFFFAOYSA-N;276.2;;53.02;
682381;j.fluid.2014.07.029;1,3-dichloro-2-methylbenzene;Cc1c(Cl)cccc1Cl;118-69-4;InChIKey=DMEDNTFWIHCBRK-UHFFFAOYSA-N;278.2;;52.89;
682382;j.fluid.2014.07.029;1,3-dichloro-2-methylbenzene;Cc1c(Cl)cccc1Cl;118-69-4;InChIKey=DMEDNTFWIHCBRK-UHFFFAOYSA-N;280.2;;52.76;
682383;j.fluid.2014.07.029;1,3-dichloro-2-methylbenzene;Cc1c(Cl)cccc1Cl;118-69-4;InChIKey=DMEDNTFWIHCBRK-UHFFFAOYSA-N;282.2;;52.63;
682384;j.fluid.2014.07.029;1,3-dichloro-2-methylbenzene;Cc1c(Cl)cccc1Cl;118-69-4;InChIKey=DMEDNTFWIHCBRK-UHFFFAOYSA-N;284.2;;52.5;
682385;j.fluid.2014.07.029;1,3-dichloro-2-methylbenzene;Cc1c(Cl)cccc1Cl;118-69-4;InChIKey=DMEDNTFWIHCBRK-UHFFFAOYSA-N;288.2;;52.25;
682386;j.fluid.2014.07.029;1,3-dichloro-2-methylbenzene;Cc1c(Cl)cccc1Cl;118-69-4;InChIKey=DMEDNTFWIHCBRK-UHFFFAOYSA-N;291.2;;52.05;
682387;j.fluid.2014.07.029;1,3-dichloro-2-methylbenzene;Cc1c(Cl)cccc1Cl;118-69-4;InChIKey=DMEDNTFWIHCBRK-UHFFFAOYSA-N;293.2;;51.92;
682388;j.fluid.2014.07.029;1,3-dichloro-2-methylbenzene;Cc1c(Cl)cccc1Cl;118-69-4;InChIKey=DMEDNTFWIHCBRK-UHFFFAOYSA-N;296.2;;51.73;
682389;j.fluid.2014.07.029;1,3-dichloro-2-methylbenzene;Cc1c(Cl)cccc1Cl;118-69-4;InChIKey=DMEDNTFWIHCBRK-UHFFFAOYSA-N;298.2;;51.6;
682390;j.fluid.2014.07.029;1,3-dichloro-2-methylbenzene;Cc1c(Cl)cccc1Cl;118-69-4;InChIKey=DMEDNTFWIHCBRK-UHFFFAOYSA-N;301.3;;51.4;
682391;j.fluid.2014.07.029;1,3-dichloro-2-methylbenzene;Cc1c(Cl)cccc1Cl;118-69-4;InChIKey=DMEDNTFWIHCBRK-UHFFFAOYSA-N;305.3;;51.14;
696476;j.fluid.2014.11.026;5-nonanone;CCCCC(=O)CCCC;502-56-7;InChIKey=WSGCRAOTEDLMFQ-UHFFFAOYSA-N;298.15;;54.7;0.5
696546;j.fluid.2014.11.026;6-methyl-5-hepten-2-one;CC(C)=CCCC(C)=O;110-93-0;InChIKey=UHEPJGULSIKKTP-UHFFFAOYSA-N;298.15;;50.8;0.3
697891;j.fluid.2014.12.023;1-chloro-2-fluorobenzene;Fc1ccccc1Cl;348-51-6;InChIKey=ZCJAYDKWZAWMPR-UHFFFAOYSA-N;298.15;;44.0;0.3
697911;j.fluid.2014.12.023;1-chloro-3-fluorobenzene;Fc1cccc(Cl)c1;625-98-9;InChIKey=VZHJIJZEOCBKRA-UHFFFAOYSA-N;298.15;;43.0;0.3
697927;j.fluid.2014.12.023;1-chloro-4-fluorobenzene;Fc1ccc(Cl)cc1;55256-17-2;InChIKey=RJCGZNCCVKIBHO-UHFFFAOYSA-N;298.15;;42.8;0.3
697945;j.fluid.2014.12.023;1-bromo-2-fluorobenzene;Fc1ccccc1Br;1072-85-1;InChIKey=IPWBFGUBXWMIPR-UHFFFAOYSA-N;298.15;;47.0;0.3
697967;j.fluid.2014.12.023;1-bromo-3-fluorobenzene;Fc1cccc(Br)c1;1073-06-9;InChIKey=QDFKKJYEIFBEFC-UHFFFAOYSA-N;298.15;;44.3;0.3
697988;j.fluid.2014.12.023;1-bromo-4-fluorobenzene;Fc1ccc(Br)cc1;460-00-4;InChIKey=AITNMTXHTIIIBB-UHFFFAOYSA-N;298.15;;44.0;0.4
706489;j.fluid.2015.03.038;glycerol;OCC(O)CO;8043-29-6;InChIKey=PEDCQBHIVMGVHV-UHFFFAOYSA-N;338.2;;86.91;
706490;j.fluid.2015.03.038;glycerol;OCC(O)CO;8043-29-6;InChIKey=PEDCQBHIVMGVHV-UHFFFAOYSA-N;341.7;;86.58;
706491;j.fluid.2015.03.038;glycerol;OCC(O)CO;8043-29-6;InChIKey=PEDCQBHIVMGVHV-UHFFFAOYSA-N;347.7;;86.0;
706492;j.fluid.2015.03.038;glycerol;OCC(O)CO;8043-29-6;InChIKey=PEDCQBHIVMGVHV-UHFFFAOYSA-N;351.5;;85.64;
706493;j.fluid.2015.03.038;glycerol;OCC(O)CO;8043-29-6;InChIKey=PEDCQBHIVMGVHV-UHFFFAOYSA-N;354.5;;85.35;
706494;j.fluid.2015.03.038;glycerol;OCC(O)CO;8043-29-6;InChIKey=PEDCQBHIVMGVHV-UHFFFAOYSA-N;357.5;;85.07;
706495;j.fluid.2015.03.038;glycerol;OCC(O)CO;8043-29-6;InChIKey=PEDCQBHIVMGVHV-UHFFFAOYSA-N;360.1;;84.82;
706496;j.fluid.2015.03.038;glycerol;OCC(O)CO;8043-29-6;InChIKey=PEDCQBHIVMGVHV-UHFFFAOYSA-N;363.2;;84.52;
706497;j.fluid.2015.03.038;glycerol;OCC(O)CO;8043-29-6;InChIKey=PEDCQBHIVMGVHV-UHFFFAOYSA-N;365.9;;84.26;
706498;j.fluid.2015.03.038;glycerol;OCC(O)CO;8043-29-6;InChIKey=PEDCQBHIVMGVHV-UHFFFAOYSA-N;370.3;;83.84;
769824;je025634v;cyclohexyl acetate;CC(=O)OC1CCCCC1;622-45-7;InChIKey=YYLLIJHXUHJATK-UHFFFAOYSA-N;300.11;;52.16;
769854;je025634v;formic acid, cyclohexyl ester;O=COC1CCCCC1;4351-54-6;InChIKey=VUXKVKAHWOVIDN-UHFFFAOYSA-N;303.52;;48.82;
769871;je025634v;cyclohexyl propanoate;CCC(=O)OC1CCCCC1;6222-35-1;InChIKey=MAMMVUWCKMOLSG-UHFFFAOYSA-N;300.55;;55.73;
769901;je025634v;butanoic acid, cyclohexyl ester;CCCC(=O)OC1CCCCC1;1551-44-6;InChIKey=VZHUBBUZNIULNM-UHFFFAOYSA-N;315.57;;58.72;
769932;je025634v;cyclohexyl pentanoate;CCCCC(=O)OC1CCCCC1;1551-43-5;InChIKey=YLCHTSSXNSNXSW-UHFFFAOYSA-N;299.54;;63.6;
770045;je025641j;2-methoxyphenol;COc1ccccc1O;8021-39-4;InChIKey=LHGVFZTZFXWLCP-UHFFFAOYSA-N;298.15;;62.6;
770046;je025641j;3-methoxyphenol;COc1cccc(O)c1;150-19-6;InChIKey=ASHGTJPOSUFTGB-UHFFFAOYSA-N;298.15;;75.9;
770048;je025641j;2,3-dimethoxyphenol;COc1cccc(O)c1OC;25155-26-4;InChIKey=QSZCGGBDNYTQHH-UHFFFAOYSA-N;298.15;;76.5;
781034;je0301747;heneicosane;CCCCCCCCCCCCCCCCCCCCC;629-94-7;InChIKey=FNAZRRHPUDJQCJ-UHFFFAOYSA-N;298.15;;106.8;
781046;je0301747;docosane;CCCCCCCCCCCCCCCCCCCCCC;629-97-0;InChIKey=HOWGUJZVBDQJKV-UHFFFAOYSA-N;298.15;;111.9;
781058;je0301747;tricosane;CCCCCCCCCCCCCCCCCCCCCCC;638-67-5;InChIKey=FIGVVZUWCLSUEI-UHFFFAOYSA-N;298.15;;117.0;
781070;je0301747;tetracosane;CCCCCCCCCCCCCCCCCCCCCCCC;646-31-1;InChIKey=POOSGDOYLQNASK-UHFFFAOYSA-N;298.15;;121.9;
781082;je0301747;pentacosane;CCCCCCCCCCCCCCCCCCCCCCCCC;629-99-2;InChIKey=YKNWIILGEFFOPE-UHFFFAOYSA-N;298.15;;126.8;
781094;je0301747;hexacosane;CCCCCCCCCCCCCCCCCCCCCCCCCC;630-01-3;InChIKey=HMSWAIKSFDFLKN-UHFFFAOYSA-N;298.15;;131.7;
781106;je0301747;heptacosane;CCCCCCCCCCCCCCCCCCCCCCCCCCC;593-49-7;InChIKey=BJQWYEJQWHSSCJ-UHFFFAOYSA-N;298.15;;135.6;
781118;je0301747;octacosane;CCCCCCCCCCCCCCCCCCCCCCCCCCCC;630-02-4;InChIKey=ZYURHZPYMFLWSH-UHFFFAOYSA-N;298.15;;141.9;
781130;je0301747;nonacosane;CCCCCCCCCCCCCCCCCCCCCCCCCCCCC;630-03-5;InChIKey=IGGUPRCHHJZPBS-UHFFFAOYSA-N;298.15;;147.1;
781142;je0301747;triacontane;CCCCCCCCCCCCCCCCCCCCCCCCCCCCCC;638-68-6;InChIKey=JXTPJDDICSTXJX-UHFFFAOYSA-N;298.15;;152.3;
787948;je030236t;hentriacontane;CCCCCCCCCCCCCCCCCCCCCCCCCCCCCCC;630-04-6;InChIKey=IUJAMGNYPWYUPM-UHFFFAOYSA-N;298.15;;157.3;
787978;je030236t;dotriacontane;CCCCCCCCCCCCCCCCCCCCCCCCCCCCCCCC;544-85-4;InChIKey=QHMGJGNTMQDRQA-UHFFFAOYSA-N;298.15;;162.5;
788008;je030236t;tritriacontane;CCCCCCCCCCCCCCCCCCCCCCCCCCCCCCCCC;630-05-7;InChIKey=SUJUOAZFECLBOA-UHFFFAOYSA-N;298.15;;167.6;
788038;je030236t;tetratriacontane;CCCCCCCCCCCCCCCCCCCCCCCCCCCCCCCCCC;14167-59-0;InChIKey=GWVDBZWVFGFBCN-UHFFFAOYSA-N;298.15;;172.7;
788068;je030236t;pentatriacontane;CCCCCCCCCCCCCCCCCCCCCCCCCCCCCCCCCCC;630-07-9;InChIKey=VHQQPFLOGSTQPC-UHFFFAOYSA-N;298.15;;178.0;
788098;je030236t;hexatriacontane;CCCCCCCCCCCCCCCCCCCCCCCCCCCCCCCCCCCC;2040-92-8;InChIKey=YDLYQMBWCWFRAI-UHFFFAOYSA-N;298.15;;182.8;
788128;je030236t;heptatriacontane;CCCCCCCCCCCCCCCCCCCCCCCCCCCCCCCCCCCCC;7194-84-5;InChIKey=PXEZIKSRSYGOED-UHFFFAOYSA-N;298.15;;187.5;
788158;je030236t;octatriacontane;CCCCCCCCCCCCCCCCCCCCCCCCCCCCCCCCCCCCCC;7194-85-6;InChIKey=BVKCQBBZBGYNOP-UHFFFAOYSA-N;298.15;;192.6;
887888;je050179z;ethyl acetoacetate;CCOC(=O)CC(C)=O;141-97-9;InChIKey=XYIBRDXRRQCHLP-UHFFFAOYSA-N;298.15;;61.6;
905475;je0503857;1-dodecanol;CCCCCCCCCCCCO;8032-08-4;InChIKey=LQZZUXJYWNFBMV-UHFFFAOYSA-N;298.0;;90.8;
905476;je0503857;1-tridecanol;CCCCCCCCCCCCCO;112-70-9;InChIKey=XFRVVPUIAFSTFO-UHFFFAOYSA-N;298.0;;97.4;
905477;je0503857;1-tetradecanol;CCCCCCCCCCCCCCO;63393-82-8;InChIKey=HLZKNKRTKFSKGZ-UHFFFAOYSA-N;298.0;;98.9;
905478;je0503857;1-pentadecanol;CCCCCCCCCCCCCCCO;31389-11-4;InChIKey=REIUXOLGHVXAEO-UHFFFAOYSA-N;298.0;;103.5;
905479;je0503857;1-hexadecanol;CCCCCCCCCCCCCCCCO;36311-34-9;InChIKey=BXWNKGSJHAJOGX-UHFFFAOYSA-N;298.0;;107.7;
905480;je0503857;heptadecanol;CCCCCCCCCCCCCCCCCO;52783-44-5;InChIKey=GOQYKNQRPGWPLP-UHFFFAOYSA-N;298.0;;112.5;
905489;je0503857;9-heptadecanol;CCCCCCCCC(O)CCCCCCCC;624-08-8;InChIKey=WTWWTKPAEZQYPW-UHFFFAOYSA-N;298.0;;108.5;
905492;je0503857;1-octadecanol;CCCCCCCCCCCCCCCCCCO;68911-61-5;InChIKey=GLDOVTGHNKAZLK-UHFFFAOYSA-N;298.0;;116.8;
905495;je0503857;1-eicosanol;CCCCCCCCCCCCCCCCCCCCO;629-96-9;InChIKey=BTFJIXJJCSYFAL-UHFFFAOYSA-N;298.0;;125.9;
905498;je0503857;1-docosanol;CCCCCCCCCCCCCCCCCCCCCCO;30303-65-2;InChIKey=NOPFSRXAKWQILS-UHFFFAOYSA-N;298.0;;135.9;
905501;je0503857;cholesterol;CC(C)CCC[C@@H](C)[C@H]1CC[C@H]2[C@@H]3CC=C4C[C@@H](O)CC[C@]4(C)[C@H]3CC[C@]12C;80356-14-5;InChIKey=HVYWMOMLDIMFJA-DPAQBDIFSA-N;298.0;;148.0;
905502;je0503857;1-hexacosanol;CCCCCCCCCCCCCCCCCCCCCCCCCCO;506-52-5;InChIKey=IRHTZOCLLONTOC-UHFFFAOYSA-N;298.0;;153.7;
988967;je060333x;1,2-ethanediol;OCCO;37221-95-7;InChIKey=LYCAIKOWRPUZTN-UHFFFAOYSA-N;298.15;;63.9;
988968;je060333x;1,3-propanediol;OCCCO;504-63-2;InChIKey=YPFDHNVEDLHUCE-UHFFFAOYSA-N;298.15;;69.8;
988969;je060333x;1,4-butanediol;OCCCCO;110-63-4;InChIKey=WERYXYBDKMZEQL-UHFFFAOYSA-N;298.15;;77.1;
988970;je060333x;1,5-pentanediol;OCCCCCO;111-29-5;InChIKey=ALQSHHUCVQOPAS-UHFFFAOYSA-N;298.15;;83.0;
988971;je060333x;hexylene glycol;OCCCCCCO;140434-69-1;InChIKey=XXMIOPMDWAUFGU-UHFFFAOYSA-N;298.15;;90.2;
988972;je060333x;1,7-heptanediol;OCCCCCCCO;629-30-1;InChIKey=SXCBDZAEHILGLM-UHFFFAOYSA-N;298.15;;97.9;
988973;je060333x;1,8-octanediol;OCCCCCCCCO;629-41-4;InChIKey=OEIJHBUUFURJLI-UHFFFAOYSA-N;298.15;;104.9;
988974;je060333x;1,9-nonanediol;OCCCCCCCCCO;3937-56-2;InChIKey=ALVZNPYWJMLXKV-UHFFFAOYSA-N;298.15;;112.5;
988975;je060333x;1,10-decanediol;OCCCCCCCCCCO;112-47-0;InChIKey=FOTKYAAJKYLFFN-UHFFFAOYSA-N;298.15;;120.0;
988976;je060333x;1,12-dodecanediol;OCCCCCCCCCCCCO;5675-51-4;InChIKey=GHLKSLMMWAKNBM-UHFFFAOYSA-N;298.15;;135.0;
988977;je060333x;1,12-dodecanediol;OCCCCCCCCCCCCO;5675-51-4;InChIKey=GHLKSLMMWAKNBM-UHFFFAOYSA-N;352.0;;51.2;
988978;je060333x;1,14-tetradecanediol;OCCCCCCCCCCCCCCO;19812-64-7;InChIKey=XLKZJJVNBQCVIX-UHFFFAOYSA-N;298.15;;149.7;
988979;je060333x;1,16-hexadecanediol;OCCCCCCCCCCCCCCCCO;23079-20-1;InChIKey=GJBXIPOYHVMPQJ-UHFFFAOYSA-N;298.15;;163.3;
988980;je060333x;2-butyne-1,4-diol;OCC#CCO;110-65-6;InChIKey=DLDJFQGPPSQZKI-UHFFFAOYSA-N;298.15;;81.5;
988981;je060333x;tetramethylbutynediol;CC(C)(C)C#CC(C)(O)O;142-30-3;InChIKey=PESQWCVCEFUUAB-UHFFFAOYSA-N;298.15;;82.8;
988982;je060333x;2,5-dimethyl-2,5-hexanediol;CC(C)(O)CCC(C)(C)O;110-03-2;InChIKey=ZWNMRZQYWRLGMM-UHFFFAOYSA-N;298.15;;85.2;
1074653;je101124p;1,4-dicarboxycubane;OC(=O)C12C3C4C1C5C2C3C45C(O)=O;32846-66-5;InChIKey=JFKXMJUMOJJTCQ-UHFFFAOYSA-N;298.0;;122.5;8.0
1074656;je101124p;1-adamantanecarboxylic acid;OC(=O)C12CC3CC(CC(C3)C1)C2;828-51-3;InChIKey=JIMXXGFJRDUSRO-UHFFFAOYSA-N;298.0;;91.1;3.7
1160407;je300152t;N-phenylethanamide;CC(=O)Nc1ccccc1;103-84-4;InChIKey=FZERHIULMFGESH-UHFFFAOYSA-N;298.15;;82.1;3.0
1160410;je300152t;N-(4-methylphenyl)acetamide;CC(=O)Nc1ccc(C)cc1;103-89-9;InChIKey=YICAMJWHIUMFDI-UHFFFAOYSA-N;298.15;;86.2;3.2
1160413;je300152t;p-methoxyacetanilide;COc1ccc(NC(C)=O)cc1;51-66-1;InChIKey=XVAIDCNLVLTVFM-UHFFFAOYSA-N;298.15;;92.0;3.4
1160416;je300152t;acetamide, N-(3-ethoxyphenyl)-;CCOc1cccc(NC(C)=O)c1;591-33-3;InChIKey=YVTBOWVWYXJHLD-UHFFFAOYSA-N;298.15;;94.1;3.5
1160419;je300152t;N-(4-ethoxyphenyl)acetamide;CCOc1ccc(NC(C)=O)cc1;62-44-2;InChIKey=CPJSUEIXXCENMM-UHFFFAOYSA-N;298.15;;94.8;3.5
1167973;je3003767;dipropylacetic acid;CCCC(CCC)C(O)=O;117039-65-3;InChIKey=NIJJYAXOARWZEE-UHFFFAOYSA-N;298.15;;74.8;4.0
1172941;je300504f;perfluorohexadecane;FC(F)(F)C(F)(F)C(F)(F)C(F)(F)C(F)(F)C(F)(F)C(F)(F)C(F)(F)C(F)(F)C(F)(F)C(F)(F)C(F)(F)C(F)(F)C(F)(F)C(F)(F)C(F)(F)F;355-49-7;InChIKey=AQPUCGPFMVEJGS-UHFFFAOYSA-N;298.0;;117.6;4.9
1172944;je300504f;dotetracontafluoroeicosane;FC(F)(F)C(F)(F)C(F)(F)C(F)(F)C(F)(F)C(F)(F)C(F)(F)C(F)(F)C(F)(F)C(F)(F)C(F)(F)C(F)(F)C(F)(F)C(F)(F)C(F)(F)C(F)(F)C(F)(F)C(F)(F)C(F)(F)C(F)(F)F;37589-57-4;InChIKey=WSXNCJNDCDTRSA-UHFFFAOYSA-N;298.0;;148.0;8.8
1210850;je3012452;propanamide;CCC(N)=O;79-05-0;InChIKey=QLNJFJADRCOGBJ-UHFFFAOYSA-N;298.15;;68.7;2.4
1210851;je3012452;butyramide;CCCC(N)=O;541-35-5;InChIKey=DNSISZSEWVHGLH-UHFFFAOYSA-N;298.15;;72.3;2.5
1210852;je3012452;pentanamide;CCCCC(N)=O;626-97-1;InChIKey=IPWFJLQDVFKJDU-UHFFFAOYSA-N;298.15;;75.9;3.3
1210853;je3012452;benzoic acid amide;NC(=O)c1ccccc1;55-21-0;InChIKey=KXDAEFPNCMNJSK-UHFFFAOYSA-N;298.15;;84.4;3.6
1210856;je3012452;isobutyramide;CC(C)C(N)=O;563-83-7;InChIKey=WFKAJVHLWXSISD-UHFFFAOYSA-N;298.15;;70.8;3.0
1210861;je3012452;hexanamide;CCCCCC(N)=O;628-02-4;InChIKey=ALBYIUDWACNRRB-UHFFFAOYSA-N;298.15;;79.6;3.4
1210868;je3012452;heptanamide;CCCCCCC(N)=O;628-62-6;InChIKey=AEDIXYWIVPYNBI-UHFFFAOYSA-N;298.15;;82.4;5.7
1231393;je400212t;(S)-1-phenyl-2-propanamine;C[C@H](N)Cc1ccccc1;51-64-9;InChIKey=KWTSXDURSIMDCE-QMMMGPOBSA-N;298.15;;58.2;2.7
1252947;je400498a;phentermine;CC(C)(N)Cc1ccccc1;12674-13-4;InChIKey=DHHVAGZRUROJKS-UHFFFAOYSA-N;298.15;;60.2;2.6
1252955;je400498a;.alpha.-methyltricyclo[3.3.1.1(3,7)]decane-1-methanamine;CC(N)C12CC3CC(CC(C3)C1)C2;13392-28-4;InChIKey=UBCHPRBFMUDMNC-UHFFFAOYSA-N;298.15;;68.7;3.7
1265610;je4007162;morpholine;C1COCCN1;110-91-8;InChIKey=YNAVUWVOSKDBBP-UHFFFAOYSA-N;298.15;;46.5;0.4
1271675;je4008052;(Z)-tricos-9-ene;CCCCCCCCCCCCC\C=C/CCCCCCCC;27519-02-4;InChIKey=IGOWHGRNPLFNDJ-ZPHPHTNESA-N;298.15;;114.4;1.0
1271750;je4008052;(E)-9-tricosene;CCCCCCCCCCCCC/C=C/CCCCCCCC;35857-62-6;InChIKey=IGOWHGRNPLFNDJ-HTXNQAPBSA-N;298.15;;114.5;1.0
1271882;je4008052;empenthrin;CC\C=C(/C)C(OC(=O)C1C(C=C(C)C)C1(C)C)C#C;54406-48-3;InChIKey=YUGWDVYLFSETPE-JLHYYAGUSA-N;298.15;;87.0;4.8
1271883;je4008052;empenthrin;CC\C=C(/C)C(OC(=O)C1C(C=C(C)C)C1(C)C)C#C;54406-48-3;InChIKey=YUGWDVYLFSETPE-JLHYYAGUSA-N;298.15;;87.2;4.8
1287383;je401026a;tris(2-chloroethyl) phosphate;ClCCO[P](=O)(OCCCl)OCCCl;68411-66-5;InChIKey=HQUQLFOMPYWACS-UHFFFAOYSA-N;348.0;;82.0;10.2
1287385;je401026a;tris(1-chloro-2-propyl) phosphate;CC(CCl)O[P](=O)(OC(C)CCl)OC(C)CCl;13674-84-5;InChIKey=KVMPUXDNESXNOH-UHFFFAOYSA-N;348.0;;85.2;10.6
1287389;je401026a;tris(2-butoxyethyl) phosphate;CCCCOCCO[P](=O)(OCCOCCCC)OCCOCCCC;31227-66-4;InChIKey=WTLBZVNBAKMVDP-UHFFFAOYSA-N;398.0;;102.6;3.6
1287391;je401026a;phosphoric acid, tris(2-ethylhexyl) ester;CCCCC(CC)CO[P](=O)(OCC(CC)CCCC)OCC(CC)CCCC;78-42-2;InChIKey=GTVWRXDRKAHEAD-UHFFFAOYSA-N;398.0;;106.0;3.7
1287393;je401026a;phosphoric acid, triphenyl ester;O=[P](Oc1ccccc1)(Oc2ccccc2)Oc3ccccc3;402955-02-6;InChIKey=XZZNDPSIHUTMOC-UHFFFAOYSA-N;398.0;;92.8;3.2
1287395;je401026a;2-ethylhexyl diphenyl phosphate;CCCCC(CC)CO[P](=O)(Oc1ccccc1)Oc2ccccc2;1241-94-7;InChIKey=CGSLYBDCEGBZCG-UHFFFAOYSA-N;398.0;;99.9;3.5
1287399;je401026a;tri-2-tolyl phosphate;Cc1ccccc1O[P](=O)(Oc2ccccc2C)Oc3ccccc3C;78-30-8;InChIKey=YSMRWXYRXBRSND-UHFFFAOYSA-N;398.0;;99.3;3.5
1287401;je401026a;tri-(3-methylphenyl) phosphate;Cc1cccc(O[P](=O)(Oc2cccc(C)c2)Oc3cccc(C)c3)c1;563-04-2;InChIKey=RMLPZKRPSQVRAB-UHFFFAOYSA-N;398.0;;103.7;3.6
1287403;je401026a;phosphoric acid, tri-p-cresyl ester;Cc1ccc(O[P](=O)(Oc2ccc(C)cc2)Oc3ccc(C)cc3)cc1;1330-78-5;InChIKey=BOSMZFBHAYFUBJ-UHFFFAOYSA-N;398.0;;105.7;3.7
1296740;je500110d;dibutyl phthalate;CCCCOC(=O)c1ccccc1C(=O)OCCCC;84-74-2;InChIKey=DOIRQSBPFJWKBE-UHFFFAOYSA-N;298.15;;95.0;1.7
1296751;je500110d;benzyl butyl phthalate;CCCCOC(=O)c1ccccc1C(=O)OCc2ccccc2;85-68-7;InChIKey=IRIAEXORFWYRCZ-UHFFFAOYSA-N;298.15;;106.2;2.4
1296753;je500110d;dicyclohexyl phthalate;O=C(OC1CCCCC1)c2ccccc2C(=O)OC3CCCCC3;169741-16-6;InChIKey=VOWAEIGWURALJQ-UHFFFAOYSA-N;298.15;;109.9;1.0
1296757;je500110d;bis(2-ethylhexyl) terephthalate;CCCCC(CC)COC(=O)c1ccc(cc1)C(=O)OCC(CC)CCCC;144981-82-8;InChIKey=RWPICVVBGZBXNA-UHFFFAOYSA-N;298.15;;123.3;1.3563
1296759;je500110d;dioctyl phthalate;CCCCCCCCOC(=O)c1ccccc1C(=O)OCCCCCCCC;117-84-0;InChIKey=MQIUGAXCHLFZKX-UHFFFAOYSA-N;298.15;;122.6;1.4
1308120;je500358r;triisobutylamine;CC(C)CN(CC(C)C)CC(C)C;1116-40-1;InChIKey=IIFFFBSAXDNJHX-UHFFFAOYSA-N;298.0;;52.3;2.2
1308128;je500358r;tributylamine;CCCCN(CCCC)CCCC;102-82-9;InChIKey=IMFACGCPASFAPR-UHFFFAOYSA-N;298.0;;58.0;1.9
1308144;je500358r;N,N-dimethyltetradecylamine;CCCCCCCCCCCCCCN(C)C;112-75-4;InChIKey=SFBHPFQSSDCYSL-UHFFFAOYSA-N;298.0;;77.3;1.9
1308160;je500358r;N,N-dimethylhexadecylamine;CCCCCCCCCCCCCCCCN(C)C;68037-93-4;InChIKey=NHLUVTZJQOJKCC-UHFFFAOYSA-N;298.0;;84.8;6.0
1308176;je500358r;tribenzylamine;C(N(Cc1ccccc1)Cc2ccccc2)c3ccccc3;620-40-6;InChIKey=MXHTZQSKTCCMFG-UHFFFAOYSA-N;298.0;;92.4;1.4
1308188;je500358r;N,N-dioctyl-1-octanamine;CCCCCCCCN(CCCCCCCC)CCCCCCCC;11120-27-7;InChIKey=XTAZYLNFDRKIHJ-UHFFFAOYSA-N;298.0;;100.1;1.4
1341544;je5008795;1,3-dichlorobenzene;Clc1cccc(Cl)c1;541-73-1;InChIKey=ZPQOPVIELGIULI-UHFFFAOYSA-N;298.15;;47.3;
1341546;je5008795;1,3-dibromobenzene;Brc1cccc(Br)c1;108-36-1;InChIKey=JSRLURSZEMLAFO-UHFFFAOYSA-N;298.15;;55.0;
1341588;je5008795;1-bromonaphthalene;Brc1cccc2ccccc12;90-11-9;InChIKey=DLKQHBOKULLWDQ-UHFFFAOYSA-N;298.15;;64.0;
1341589;je5008795;1-iodonaphthalene;Ic1cccc2ccccc12;90-14-2;InChIKey=NHPPIJMARIVBGU-UHFFFAOYSA-N;298.15;;70.1;
1341643;je5008795;1,2-dibromobenzene;Brc1ccccc1Br;26249-12-7;InChIKey=WQONPSCCEXUXTQ-UHFFFAOYSA-N;298.15;;53.1;
1349756;je5009729;cis-9-hexadecenoic acid;CCCCCC\C=C/CCCCCCCC(O)=O;373-49-9;InChIKey=SECPZKHBENQXJG-FPLPWBNLSA-N;298.15;;123.0;6.4
1349758;je5009729;(Z)-6-octadecenoic acid;CCCCCCCCCCC\C=C/CCCCC(O)=O;593-39-5;InChIKey=CNVZJPUDSLNTQU-SEYXRHQNSA-N;298.15;;131.2;2.1
1349760;je5009729;(Z)-9-octadecenoic acid;CCCCCCCC\C=C/CCCCCCCC(O)=O;17156-84-2;InChIKey=ZQPPMHVWECSIRJ-KTKRTIGZSA-N;298.15;;132.6;6.6
1349766;je5009729;cis-4,7,10,13,16,19-docosahexaenoic acid;CCC=CCC=CCC=CCC=CCC=CC\C=C/CCC(O)=O;25377-50-8;InChIKey=MBMBGCFOFBJSGT-GOTKOHCTSA-N;298.15;;162.9;2.3
1349768;je5009729;(Z)-tetracos-15-enoic acid;CCCCCCCC\C=C/CCCCCCCCCCCCCC(O)=O;506-37-6;InChIKey=GWHCXVQVJPWHRF-KTKRTIGZSA-N;298.15;;170.6;2.3
1349774;je5009729;tetracosanoic acid;CCCCCCCCCCCCCCCCCCCCCCCC(O)=O;557-59-5;InChIKey=QZZGJDVWLFXDLK-UHFFFAOYSA-N;298.15;;170.7;2.3
1349783;je5009729;hexacosanoic acid;CCCCCCCCCCCCCCCCCCCCCCCCCC(O)=O;506-46-7;InChIKey=XMHIUKTWLZUKEX-UHFFFAOYSA-N;298.15;;177.2;2.4
1378141;je700035m;5-methyl-1,3-benzodioxole;Cc1ccc2OCOc2c1;7145-99-5;InChIKey=GHPODDMCSOYWNE-UHFFFAOYSA-N;298.15;;54.9;
1435880;je7005852;tetracontane;CCCCCCCCCCCCCCCCCCCCCCCCCCCCCCCCCCCCCCCC;4181-95-7;InChIKey=KUPLEGDPSCCPJI-UHFFFAOYSA-N;298.15;;203.5;0.2
1435894;je7005852;dotetracontane;CCCCCCCCCCCCCCCCCCCCCCCCCCCCCCCCCCCCCCCCCC;7098-20-6;InChIKey=FTJPDYTXORWVLU-UHFFFAOYSA-N;298.15;;213.5;
1435908;je7005852;tetratetracontane;CCCCCCCCCCCCCCCCCCCCCCCCCCCCCCCCCCCCCCCCCCCC;7098-22-8;InChIKey=KMXFZRSJMDYPPG-UHFFFAOYSA-N;298.15;;223.7;0.9
1435936;je7005852;octatetracontane;CCCCCCCCCCCCCCCCCCCCCCCCCCCCCCCCCCCCCCCCCCCCCCCC;7098-26-2;InChIKey=CFBPOLLJQOANPF-UHFFFAOYSA-N;298.15;;243.0;0.2
1435950;je7005852;pentacontane;CCCCCCCCCCCCCCCCCCCCCCCCCCCCCCCCCCCCCCCCCCCCCCCCCC;6596-40-3;InChIKey=PFLUOWJPZLHUEA-UHFFFAOYSA-N;298.15;;252.5;0.2
1436020;je7005852;hexacontane;CCCCCCCCCCCCCCCCCCCCCCCCCCCCCCCCCCCCCCCCCCCCCCCCCCCCCCCCCCCC;7667-80-3;InChIKey=OCWUCHKZAHTZAB-UHFFFAOYSA-N;298.15;;299.9;2.0
1455301;je800091s;heptane;CCCCCCC;142-82-5;InChIKey=IMNFDUFMRHMDMM-UHFFFAOYSA-N;298.0;;36.72;
1455302;je800091s;heptane;CCCCCCC;142-82-5;InChIKey=IMNFDUFMRHMDMM-UHFFFAOYSA-N;298.0;;36.41;
1455329;je800091s;toluene;Cc1ccccc1;3101-08-4;InChIKey=YXFVVABEGXRONW-UHFFFAOYSA-N;298.0;;38.02;
1455330;je800091s;toluene;Cc1ccccc1;3101-08-4;InChIKey=YXFVVABEGXRONW-UHFFFAOYSA-N;298.0;;38.24;
1455344;je800091s;octane;CCCCCCCC;31372-91-5;InChIKey=TVMXDCGIABBOFY-UHFFFAOYSA-N;298.0;;41.75;
1455358;je800091s;1,4-dimethylbenzene;Cc1ccc(C)cc1;106-42-3;InChIKey=URLKBWYHVLBVBO-UHFFFAOYSA-N;298.0;;42.57;
1455359;je800091s;xylene;Cc1ccccc1C;95-47-6;InChIKey=CTQNGGLPUBDAKN-UHFFFAOYSA-N;298.0;;43.07;
1455360;je800091s;decane;CCCCCCCCCC;63335-87-5;InChIKey=DIOQZVSQGTUSAI-UHFFFAOYSA-N;298.0;;52.09;
1455387;je800091s;naphthalene;c1ccc2ccccc2c1;72931-45-4;InChIKey=UFWIBTONFRDIAS-UHFFFAOYSA-N;298.0;;54.64;
1455413;je800091s;biphenyl;c1ccc(cc1)c2ccccc2;81846-81-3;InChIKey=ZUOUZKKEUPVFJK-UHFFFAOYSA-N;298.0;;64.95;
1455439;je800091s;hexamethylbenzene;Cc1c(C)c(C)c(C)c(C)c1C;46010-49-5;InChIKey=YUWFEBAXEOLKSG-UHFFFAOYSA-N;298.0;;68.56;
1455489;je800091s;phenanthrene;c1ccc2c(c1)ccc3ccccc23;85-01-8;InChIKey=YNPNZTXNASCQKK-UHFFFAOYSA-N;298.0;;78.65;
1455503;je800091s;anthracene;c1ccc2cc3ccccc3cc2c1;120-12-7;InChIKey=MWPLVEDNUUSJAV-UHFFFAOYSA-N;298.0;;78.49;
1455516;je800091s;acenaphthene;C1Cc2cccc3cccc1c23;83-32-9;InChIKey=CWRYPZZKDGJXCA-UHFFFAOYSA-N;298.0;;67.98;
1455530;je800091s;1,4-diphenylbenzene;c1ccc(cc1)c2ccc(cc2)c3ccccc3;75831-65-1;InChIKey=XJKSTNDFUHDPQJ-UHFFFAOYSA-N;298.0;;101.7;
1455556;je800091s;chrysene;c1ccc2c(c1)ccc3c4ccccc4ccc23;218-01-9;InChIKey=WDECIBYCCFPHNR-UHFFFAOYSA-N;298.0;;106.18;
1455582;je800091s;perylene;c1cc2cccc3c4cccc5cccc(c(c1)c23)c45;198-55-0;InChIKey=CSHWQDPOILHKBI-UHFFFAOYSA-N;298.0;;119.52;
1455608;je800091s;hexane;CCCCCC;92112-69-1;InChIKey=VLKZOEOYAKHREP-UHFFFAOYSA-N;298.0;;31.88;
1455635;je800091s;cyclohexane;C1CCCCC1;25012-93-5;InChIKey=XDTMQSROBMDMFD-UHFFFAOYSA-N;298.0;;32.83;
1455649;je800091s;benzene;c1ccccc1;27271-55-2;InChIKey=UHOVQNZJYSORNB-UHFFFAOYSA-N;298.0;;33.25;
1475026;je800155q;4-tert-butylpyridine;CC(C)(C)c1ccncc1;3978-81-2;InChIKey=YSHMQTRICHYLGF-UHFFFAOYSA-N;298.15;;54.4;1.3
1475028;je800155q;2,6-di-tert-butylpyridine;CC(C)(C)c1cccc(n1)C(C)(C)C;585-48-8;InChIKey=UWKQJZCTQGMHKD-UHFFFAOYSA-N;298.15;;56.6;1.2
1536387;je900034d;tributylamine;CCCCN(CCCC)CCCC;102-82-9;InChIKey=IMFACGCPASFAPR-UHFFFAOYSA-N;298.0;;62.7;
1536410;je900034d;2-phenylpyridine;c1ccc(cc1)c2ccccn2;94928-86-6;InChIKey=VQGHOUODWALEFC-UHFFFAOYSA-N;298.0;;68.4;
1536433;je900034d;3-phenylpyridine;c1ccc(cc1)c2cccnc2;1008-88-4;InChIKey=HJKGBRPNSJADMB-UHFFFAOYSA-N;298.0;;68.4;
1536456;je900034d;quinazoline;c1ccc2ncncc2c1;253-82-7;InChIKey=JWVCLYRUEFBMGU-UHFFFAOYSA-N;298.0;;58.9;
1536479;je900034d;3-(1-methyl-2-pyrrolidinyl)pyridine;CN1CCCC1c2cccnc2;551-13-3;InChIKey=SNICXCGAKADSCV-UHFFFAOYSA-N;298.0;;63.9;
1536503;je900034d;4-phenylpyrimidine;c1ccc(cc1)c2ccncn2;3438-48-0;InChIKey=MKLQPIYLZMLAER-UHFFFAOYSA-N;298.0;;68.8;
1536528;je900034d;4,4'-bipyridine;c1cc(ccn1)c2ccncc2;37275-48-2;InChIKey=MWVTWFVJZLCBMC-UHFFFAOYSA-N;298.0;;71.1;
1536552;je900034d;2-benzylpyridine;C(c1ccccc1)c2ccccn2;101-82-6;InChIKey=PCFUWBOSXMKGIP-UHFFFAOYSA-N;298.0;;69.8;
1536576;je900034d;2,4'-dipyridyl;c1ccc(nc1)c2ccncc2;581-47-5;InChIKey=RMHQDKYZXJVCME-UHFFFAOYSA-N;298.0;;70.9;
1536600;je900034d;2,2'-bipyridine;c1ccc(nc1)c2ccccn2;366-18-7;InChIKey=ROFVEXUMMXZLPA-UHFFFAOYSA-N;298.0;;67.0;
1536623;je900034d;9-methyl-9H-carbazole;Cn1c2ccccc2c3ccccc13;1484-12-4;InChIKey=SDFLTYHTFPTIGX-UHFFFAOYSA-N;298.0;;79.4;
1536647;je900034d;1,7-phenanthroline;c1cnc2c(c1)ccc3ncccc23;12678-01-2;InChIKey=OZKOMUDCMCEDTM-UHFFFAOYSA-N;298.0;;79.4;
1536672;je900034d;4,7-phenanthroline;c1cnc2ccc3ncccc3c2c1;230-07-9;InChIKey=DATYUTWESAKQQM-UHFFFAOYSA-N;298.0;;80.8;
1540086;je9000872;phenol, 2-fluoro-;Oc1ccccc1F;367-12-4;InChIKey=HFHFGHLXUCOHLN-UHFFFAOYSA-N;298.15;;52.3;0.8
1540088;je9000872;phenol, 3-fluoro-;Oc1cccc(F)c1;372-20-3;InChIKey=SJTBRFHBXDZMPS-UHFFFAOYSA-N;298.15;;60.1;0.9
1540640;je900093h;capric acid, ethyl ester;CCCCCCCCCC(=O)OCC;110-38-3;InChIKey=RGXWDWUGBIJHDO-UHFFFAOYSA-N;304.79;;69.9;0.699
1595799;je900702t;quinoxaline;c1ccc2nccnc2c1;91-19-0;InChIKey=XSCHRSMBECNVNS-UHFFFAOYSA-N;298.0;;58.7;1.4
1595817;je900702t;quinazoline;c1ccc2ncncc2c1;253-82-7;InChIKey=JWVCLYRUEFBMGU-UHFFFAOYSA-N;298.0;;59.6;1.4
1595835;je900702t;acridizine;c1ccc2nc3ccccc3nc2c1;92-82-0;InChIKey=PCNDJXKNXGMECE-UHFFFAOYSA-N;298.0;;76.7;0.7
1595859;je900702t;triphenylamine;c1ccc(cc1)N(c2ccccc2)c3ccccc3;603-34-9;InChIKey=ODHXBMXNKOYIBV-UHFFFAOYSA-N;298.0;;90.2;0.8
1595877;je900702t;1,10-phenanthroline;c1cnc2c(c1)ccc3cccnc23;66-71-7;InChIKey=DGEZNRSVGBDHLK-UHFFFAOYSA-N;298.0;;86.1;0.8
1673337;j.tca.2007.10.007;TBP;CCCCO[P](=O)(OCCCC)OCCCC;80094-39-9;InChIKey=STCOOQWBFONSKY-UHFFFAOYSA-N;298.15;;81.29;
1673338;j.tca.2007.10.007;triisobutyl phosphate;CC(C)CO[P](=O)(OCC(C)C)OCC(C)C;126-71-6;InChIKey=HRKAMJBPFPHCSD-UHFFFAOYSA-N;298.15;;72.97;
1673340;j.tca.2007.10.007;phosphoric acid, tripentyl ester;CCCCCO[P](=O)(OCCCCC)OCCCCC;2528-38-3;InChIKey=QJAVUVZBMMXBRO-UHFFFAOYSA-N;298.15;;92.3;
1673341;j.tca.2007.10.007;triisoamyl phosphate;CC(C)CCO[P](=O)(OCCC(C)C)OCCC(C)C;919-62-0;InChIKey=YQLIHRFKJJQBAF-UHFFFAOYSA-N;298.15;;86.6;
1673344;j.tca.2007.10.007;trihexyl phosphate;CCCCCCO[P](=O)(OCCCCCC)OCCCCCC;2528-39-4;InChIKey=SFENPMLASUEABX-UHFFFAOYSA-N;298.15;;104.91;
1681895;j.tca.2009.05.007;N,N-dimethylformamide;CN(C)C=O;68-12-2;InChIKey=ZMXDDKWLCZADIW-UHFFFAOYSA-N;298.15;;46.65;0.45
1681896;j.tca.2009.05.007;N,N-dimethylacetamide;CN(C)C(C)=O;127-19-5;InChIKey=FXHOOIRPVKKKFG-UHFFFAOYSA-N;298.15;;50.66;0.67
1681897;j.tca.2009.05.007;N,N-diethylacetamide;CCN(CC)C(C)=O;685-91-6;InChIKey=AJFDBNQQDYLMJN-UHFFFAOYSA-N;298.15;;53.7;0.44
1681898;j.tca.2009.05.007;N,N-dibutyloctanamide;CCCCCCCC(=O)N(CCCC)CCCC;57303-23-8;InChIKey=IRACWGPKDYUZEC-UHFFFAOYSA-N;298.15;;75.58;0.72
1710105;j.tca.2012.03.018;hexadecane;CCCCCCCCCCCCCCCC;544-76-3;InChIKey=DCAYPVUWAIABOU-UHFFFAOYSA-N;353.0;;74.5;0.8
1710106;j.tca.2012.03.018;hexadecane;CCCCCCCCCCCCCCCC;544-76-3;InChIKey=DCAYPVUWAIABOU-UHFFFAOYSA-N;333.5;;74.9;0.4
1710108;j.tca.2012.03.018;methyl octadecanoate;CCCCCCCCCCCCCCCCCC(=O)OC;112-61-8;InChIKey=HPEUJPJOZXNMSJ-UHFFFAOYSA-N;353.0;;90.2;0.5
1710110;j.tca.2012.03.018;ethyl stearate;CCCCCCCCCCCCCCCCCC(=O)OCC;111-61-5;InChIKey=MVLVMROFTAUDAG-UHFFFAOYSA-N;373.0;;92.2;0.7
1710111;j.tca.2012.03.018;ethyl stearate;CCCCCCCCCCCCCCCCCC(=O)OCC;111-61-5;InChIKey=MVLVMROFTAUDAG-UHFFFAOYSA-N;383.5;;93.5;0.7
1787698;acs.jced.5b00737;1-(1-phenylcyclohexyl)piperidine;C1CCN(CC1)C2(CCCCC2)c3ccccc3;77-10-1;InChIKey=JTJMJGYZQZDUJJ-UHFFFAOYSA-N;298.0;;77.6;2.1
1787700;acs.jced.5b00737;1-(3-(4-(tert-butyl)phenyl)-2-methylpropyl)piperidine;CC(CN1CCCCC1)Cc2ccc(cc2)C(C)(C)C;67306-00-7;InChIKey=MGNFYQILYYYUBS-UHFFFAOYSA-N;298.0;;80.9;1.6
1793037;acs.jced.5b00606;3-methylpyridazine;Cc1cccnn1;1632-76-4;InChIKey=MXDRPNGTQDRKQM-UHFFFAOYSA-N;298.15;;58.0;1.3
1821168;j.jct.2016.02.008;2-acetylbenzofuran;CC(=O)c1oc2ccccc2c1;1646-26-0;InChIKey=YUTFQTAITWWGFH-UHFFFAOYSA-N;392.5;;62.2;0.1
1841150;acs.jced.5b00892;(Z)-dodec-8-enyl acetate;CCC\C=C/CCCCCCCOC(C)=O;28079-04-1;InChIKey=SUCYDSJQVVGOIW-WAYWQWQTSA-N;298.15;;79.3;5.4
1841172;acs.jced.5b00892;(Z)-tridec-4-enyl acetate;CCCCCCCC\C=C/CCCOC(C)=O;65954-19-0;InChIKey=DUCVQKMNGSZPAV-KHPPLWFESA-N;298.15;;82.7;5.5
1841194;acs.jced.5b00892;(E)-tetradec-11-enyl acetate;CC/C=C/CCCCCCCCCCOC(C)=O;26532-95-6;InChIKey=YJINQJFQLQIYHX-SNAWJCMRSA-N;298.15;;89.6;3.5
1841216;acs.jced.5b00892;(9E,11E)-tetradeca-9,11-dienyl acetate;CC/C=C/C=C/CCCCCCCCOC(C)=O;54664-98-1;InChIKey=RFEQLTBBKNKGGJ-YTXTXJHMSA-N;298.15;;92.3;3.6
1841238;acs.jced.5b00892;ethyl (S,2E,4E)-3,7,11-trimethyldodeca-2,4-dienoate;CCOC(=O)/C=C(C)/C=C/C[C@@H](C)CCCC(C)C;65733-18-8;InChIKey=FYQGBXGJFWXIPP-OJROSNHMSA-N;298.15;;92.4;3.6
1841260;acs.jced.5b00892;prop-2-ynyl (2E,4E)-3,7,11-trimethyldodeca-2,4-dienoate;CC(C)CCCC(C)C\C=C\C(C)=C\C(=O)OCC#C;42588-37-4;InChIKey=FZRBKIRIBLNOAM-WHVZTFIZSA-N;298.15;;98.1;3.7
1841282;acs.jced.5b00892;(Z)-octadec-13-en-1-yl acetate;CCCC\C=C/CCCCCCCCCCCCOC(C)=O;60037-58-3;InChIKey=PPNRRQMJESAXGJ-SREVYHEPSA-N;298.15;;108.8;3.9
