;InChI;Count;Component;SMILES
0;InChIKey=ZVFDTKUVRCTHQE-UHFFFAOYSA-N;110;bis(8-methylnonyl) benzene-1,2-dicarboxylate;CC(C)CCCCCCCOC(=O)c1ccccc1C(=O)OCCCCCCCC(C)C
1;InChIKey=ZZLCFHIKESPLTH-UHFFFAOYSA-N;94;1-Methyl-4-phenylbenzene;Cc1ccc(cc1)c2ccccc2
2;InChIKey=MSXVEPNJUHWQHW-UHFFFAOYSA-N;88;2-Methylbutan-2-ol;CCC(C)(C)O
3;InChIKey=LFQSCWFLJHTTHZ-UHFFFAOYSA-N;86;ethanol;CCO
4;InChIKey=LCGLNKUTAGEVQW-UHFFFAOYSA-N;81;Methoxymethane;COC
5;InChIKey=NPNPZTNLOVBDOC-UHFFFAOYSA-N;78;1,1-DIFLUOROETHANE;CC(F)F
6;InChIKey=OKKJLVBELUTLKV-UHFFFAOYSA-N;75;methanol;CO
7;InChIKey=QPRQEDXDYOZYLA-UHFFFAOYSA-N;73;2-Methylbutan-1-ol;CCC(C)CO
8;InChIKey=XCIXKGXIYUWCLL-UHFFFAOYSA-N;72;Cyclopentanol;OC1CCCC1
9;InChIKey=IBODDUNKEPPBKW-UHFFFAOYSA-N;70;1,5-Dibromopentane;BrCCCCCBr
10;InChIKey=WERYXYBDKMZEQL-UHFFFAOYSA-N;68;Butane-1,4-diol;OCCCCO
11;InChIKey=FXHOOIRPVKKKFG-UHFFFAOYSA-N;67;N,N-Dimethylacetamide;CN(C)C(C)=O
12;InChIKey=AQIXEPGDORPWBJ-UHFFFAOYSA-N;65;Pentan-3-ol;CCC(O)CC
13;InChIKey=KPSSIOMAKSHJJG-UHFFFAOYSA-N;61;2,2-dimethylpropan-1-ol;CC(C)(C)CO
14;InChIKey=CJGXJKVMUHXVHL-UHFFFAOYSA-N;57;2,2-dimethylpropylbenzene;CC(C)(C)Cc1ccccc1
15;InChIKey=HXJUTPCZVOIRIF-UHFFFAOYSA-N;56;thiolane 1,1-dioxide;O=[S]1(=O)CCCC1
16;InChIKey=CDOYZTOFTGTGBC-UHFFFAOYSA-N;54;1-tert-butyl-4-phenylbenzene;CC(C)(C)c1ccc(cc1)c2ccccc2
17;InChIKey=XLYOFNOQVPJJNP-UHFFFAOYSA-N;54;oxidane;O
18;InChIKey=XXMIOPMDWAUFGU-UHFFFAOYSA-N;51;HEXANE-1,6-DIOL;OCCCCCCO
19;InChIKey=SGRHVVLXEBNBDV-UHFFFAOYSA-N;49;['1,6-dibromohexa-1,3,5-triyne', '1,6-Dibromohexane'];BrCCCCCCBr
20;InChIKey=NIDSRGCVYOEDFW-UHFFFAOYSA-N;49;1-Bromo-4-chlorobutane;ClCCCCBr
21;InChIKey=LRHPLDYGYMQRHN-UHFFFAOYSA-N;49;Butan-1-ol;CCCCO
22;InChIKey=PHHNNDKXQVKJEP-UHFFFAOYSA-N;49;1-Bromo-5-chloropentane;ClCCCCCBr
23;InChIKey=VEFLKXRACNJHOV-UHFFFAOYSA-N;49;1,3-Dibromopropane;BrCCCBr
24;InChIKey=SIBVHGAPHVRHMJ-UHFFFAOYSA-N;49;1,11-Dibromoundecane;BrCCCCCCCCCCCBr
25;InChIKey=ULTHEAFYOOPTTB-UHFFFAOYSA-N;49;1,4-Dibromobutane;BrCCCCBr
26;InChIKey=JTYUIAOHIYZBPB-UHFFFAOYSA-N;49;1-Bromo-6-chlorohexane;ClCCCCCCBr
27;InChIKey=MFESCIUQSIBMSM-UHFFFAOYSA-N;49;1-Bromo-3-chloropropane;ClCCCBr
28;InChIKey=FKOZUWFVUJSSTA-UHFFFAOYSA-N;49;;ClBr.C=C
29;InChIKey=WGAXVZXBFBHLMC-UHFFFAOYSA-N;48;1,9-Dibromononane;BrCCCCCCCCCBr
30;InChIKey=YPFDHNVEDLHUCE-UHFFFAOYSA-N;47;Propane-1,3-diol;OCCCO
31;InChIKey=LYCAIKOWRPUZTN-UHFFFAOYSA-N;47;Ethane-1,2-diol;OCCO
32;InChIKey=DKEGCUDAFWNSSO-UHFFFAOYSA-N;47;1,8-Dibromooctane;BrCCCCCCCCBr
33;InChIKey=JYVLIDXNZAXMDK-UHFFFAOYSA-N;47;pentan-2-ol;CCCC(C)O
34;InChIKey=XSTXAVWGXDQKEL-UHFFFAOYSA-N;44;1,1,2-trichloroethene;ClC=C(Cl)Cl
35;InChIKey=VOPWNXZWBYDODV-UHFFFAOYSA-N;44;chloro-difluoromethane;FC(F)Cl
36;InChIKey=PIICEJLVQHRZGT-UHFFFAOYSA-N;42;['ethane-1,2-diamine', 'ethyne-1,2-diamine', 'Oxalonitrile'];NCCN
37;InChIKey=XFNJVJPLKCPIBV-UHFFFAOYSA-N;42;Propane-1,3-diamine;NCCCN
38;InChIKey=ALQSHHUCVQOPAS-UHFFFAOYSA-N;42;Pentane-1,5-diol;OCCCCCO
39;InChIKey=SXCBDZAEHILGLM-UHFFFAOYSA-N;41;Heptane-1,7-diol;OCCCCCCCO
40;InChIKey=IAZDPXIOMUYVGZ-UHFFFAOYSA-N;41;Methylsulfinylmethane;C[S](C)=O
41;InChIKey=IMNFDUFMRHMDMM-UHFFFAOYSA-N;39;HEPTANE;CCCCCCC
42;InChIKey=MWKFXSUHUHTGQN-UHFFFAOYSA-N;38;DECAN-1-OL;CCCCCCCCCCO
43;InChIKey=KIDHWZJUCRJVML-UHFFFAOYSA-N;38;['butane-1,4-diamine', 'but-2-ynedinitrile'];NCCCCN
44;InChIKey=RFFLAFLAYFXFSW-UHFFFAOYSA-N;36;1,2-Dichlorobenzene;Clc1ccccc1Cl
45;InChIKey=QARVLSVVCXYDNA-UHFFFAOYSA-N;36;Bromobenzene;Brc1ccccc1
46;InChIKey=JRGGUPZKKTVKOV-UHFFFAOYSA-N;36;1-Bromo-3-chlorobenzene;Clc1cccc(Br)c1
47;InChIKey=MVPPADPHJFYWMZ-UHFFFAOYSA-N;36;Chlorobenzene;Clc1ccccc1
48;InChIKey=ZPQOPVIELGIULI-UHFFFAOYSA-N;36;1,3-Dichlorobenzene;Clc1cccc(Cl)c1
49;InChIKey=JSRLURSZEMLAFO-UHFFFAOYSA-N;36;1,3-DIBROMOBENZENE;Brc1cccc(Br)c1
50;InChIKey=WQONPSCCEXUXTQ-UHFFFAOYSA-N;36;1,2-Dibromobenzene;Brc1ccccc1Br
51;InChIKey=QBELEDRHMPMKHP-UHFFFAOYSA-N;36;1-Bromo-2-chlorobenzene;Clc1ccccc1Br
52;InChIKey=PWSKHLMYTZNYKO-UHFFFAOYSA-N;35;heptane-1,7-diamine;NCCCCCCCN
53;InChIKey=DFUYAWQUODQGFF-UHFFFAOYSA-N;33;1-ethoxy-1,1,2,2,3,3,4,4,4-nonafluorobutane;CCOC(F)(F)C(F)(F)C(F)(F)C(F)(F)F
54;InChIKey=XEMRAKSQROQPBR-UHFFFAOYSA-N;32;Trichloromethylbenzene;ClC(Cl)(Cl)c1ccccc1
55;InChIKey=ASLSUMISAQDOOB-UHFFFAOYSA-N;32;2-(3,4-dimethoxyphenyl)acetonitrile;COc1ccc(CC#N)cc1OC
56;InChIKey=ZMXDDKWLCZADIW-UHFFFAOYSA-N;32;N,N-Dimethylformamide;CN(C)C=O
57;InChIKey=PBKONEOXTCPAFI-UHFFFAOYSA-N;31;1,2,4-trichlorobenzene;Clc1ccc(Cl)c(Cl)c1
58;InChIKey=BMRWNKZVCUKKSR-UHFFFAOYSA-N;31;butane-1,2-diol;CCC(O)CO
59;InChIKey=ZJJATABWMGVVRZ-UHFFFAOYSA-N;31;1,12-Dibromododecane;BrCCCCCCCCCCCCBr
60;InChIKey=JRXXLCKWQFKACW-UHFFFAOYSA-N;30;2-phenylethynylbenzene;c1ccc(cc1)C#Cc2ccccc2
61;InChIKey=MXLMTQWGSQIYOW-UHFFFAOYSA-N;30;3-Methylbutan-2-ol;CC(C)C(C)O
62;InChIKey=AKCRQHGQIJBRMN-UHFFFAOYSA-N;28;2-Chloroaniline;Nc1ccccc1Cl
63;InChIKey=DPBLXKKOBLCELK-UHFFFAOYSA-N;27;pentan-1-amine;CCCCCN
64;InChIKey=RGXWDWUGBIJHDO-UHFFFAOYSA-N;27;Ethyl decanoate;CCCCCCCCCC(=O)OCC
65;InChIKey=BMVXCPBXGZKUPN-UHFFFAOYSA-N;27;hexan-1-amine;CCCCCCN
66;InChIKey=NAQMVNRVTILPCV-UHFFFAOYSA-N;27;HEXANE-1,6-DIAMINE;NCCCCCCN
67;InChIKey=KFUSEUYYWQURPO-UPHRSURJSA-N;26;(Z)-1,2-Dichloroethene;Cl\C=C/Cl
68;InChIKey=ZEOVXNVKXIPWMS-UHFFFAOYSA-N;24;2,2-DICHLOROPROPANE;CC(C)(Cl)Cl
69;InChIKey=WIHMGGWNMISDNJ-UHFFFAOYSA-N;24;1,1-DICHLOROPROPANE;CCC(Cl)Cl
70;InChIKey=ALVZNPYWJMLXKV-UHFFFAOYSA-N;24;nonane-1,9-diol;OCCCCCCCCCO
71;InChIKey=RUOJZAUFBMNUDX-UHFFFAOYSA-N;23;4-Methyl-1,3-dioxolan-2-one;CC1COC(=O)O1
72;InChIKey=LIKMAJRDDDTEIG-UHFFFAOYSA-N;22;hex-1-ene;CCCCC=C
73;InChIKey=PNPCRKVUWYDDST-UHFFFAOYSA-N;22;3-Chloroaniline;Nc1cccc(Cl)c1
74;InChIKey=KMAQZIILEGKYQZ-UHFFFAOYSA-N;21;1-Chloro-3-nitrobenzene;[O-][N+](=O)c1cccc(Cl)c1
75;InChIKey=OVISMSJCKCDOPU-UHFFFAOYSA-N;21;['1,6-Dichlorohexane', '1,6-dichlorohexa-1,3,5-triyne'];ClCCCCCCCl
76;InChIKey=PAAZPARNPHGIKF-UHFFFAOYSA-N;21;['1,2-dibromoethyne', '1,2-Dibromoethane'];BrCCBr
77;InChIKey=XDTMQSROBMDMFD-UHFFFAOYSA-N;21;Cyclohexane;C1CCCCC1
78;InChIKey=KFUSEUYYWQURPO-OWOJBTEDSA-N;20;['1,2-Dichloroethene', '(E)-1,2-Dichloroethene'];Cl\C=C\Cl
79;InChIKey=BVOSSZSHBZQJOI-UHFFFAOYSA-N;19;hex-1-en-3-ol;CCCC(O)C=C
80;InChIKey=YMTINGFKWWXKFG-UHFFFAOYSA-N;19;propan-2-yl 2-[4-(4-chlorobenzoyl)phenoxy]-2-methylpropanoate;CC(C)OC(=O)C(C)(C)Oc1ccc(cc1)C(=O)c2ccc(Cl)cc2
81;InChIKey=UFLHIIWVXFIJGU-ARJAWSKDSA-N;19;(Z)-Hex-3-en-1-ol;CC\C=C/CCO
82;InChIKey=ZCHHRLHTBGRGOT-SNAWJCMRSA-N;19;['Hex-2-en-1-ol', '(E)-hex-2-en-1-ol'];CCC/C=C/CO
83;InChIKey=WTARULDDTDQWMU-UHFFFAOYSA-N;18;7,7-dimethyl-4-methylidenebicyclo[3.1.1]heptane;CC1(C)C2CCC(=C)C1C2
84;InChIKey=BDERNNFJNOPAEC-UHFFFAOYSA-N;18;Propan-1-ol;CCCO
85;InChIKey=OEMSKMUAMXLNKL-UHFFFAOYSA-N;18;5-methyl-3a,4,7,7a-tetrahydro-2-benzofuran-1,3-dione;CC1=CCC2C(C1)C(=O)OC2=O
86;InChIKey=SZXQTJUDPRGNJN-UHFFFAOYSA-N;18;3-(3-hydroxypropoxy)propan-1-ol;OCCCOCCCO
87;InChIKey=ZSHNOXOGXHXLAV-UHFFFAOYSA-N;17;2-(Chloromethyl)benzonitrile;ClCc1ccccc1C#N
88;InChIKey=QFOHBWFCKVYLES-UHFFFAOYSA-N;17;Butyl 4-hydroxybenzoate;CCCCOC(=O)c1ccc(O)cc1
89;InChIKey=HEBKCHPVOIAQTA-ZXFHETKHSA-N;17;;OC[C@H](O)[C@H](O)[C@H](O)CO
90;InChIKey=OIFBSDVPJOWBCH-UHFFFAOYSA-N;17;Diethyl carbonate;CCOC(=O)OCC
91;InChIKey=CYTQBVOFDCPGCX-UHFFFAOYSA-N;17;Trimethyl phosphite;COP(OC)OC
92;InChIKey=KNKRKFALVUDBJE-UHFFFAOYSA-N;16;1,2-Dichloropropane;CC(Cl)CCl
93;InChIKey=SECXISVLQFMRJM-UHFFFAOYSA-N;15;1-methylpyrrolidin-2-one;CN1CCCC1=O
94;InChIKey=ZILXIZUBLXVYPI-UHFFFAOYSA-N;15;2,4-Dinitrobenzaldehyde;[O-][N+](=O)c1ccc(C=O)c(c1)[N+]([O-])=O
95;InChIKey=OCJBOOLMMGQPQU-UHFFFAOYSA-N;14;1,4-Dichlorobenzene;Clc1ccc(Cl)cc1
96;InChIKey=OEIJHBUUFURJLI-UHFFFAOYSA-N;14;Octane-1,8-diol;OCCCCCCCCO
97;InChIKey=GBDZXPJXOMHESU-UHFFFAOYSA-N;14;1,2,3,4-Tetrachlorobenzene;Clc1ccc(Cl)c(Cl)c1Cl
98;InChIKey=RELMFMZEBKVZJC-UHFFFAOYSA-N;14;1,2,3-Trichlorobenzene;Clc1cccc(Cl)c1Cl
99;InChIKey=REZBJCUQELMZBL-UHFFFAOYSA-N;14;1-tert-butyl-4-(phenoxy)benzene;CC(C)(C)c1ccc(Oc2ccccc2)cc1
100;InChIKey=GVPWHKZIJBODOX-UHFFFAOYSA-N;14;phenylmethyldisulfanylmethylbenzene;C(SSCc1ccccc1)c2ccccc2
101;InChIKey=YYZUSRORWSJGET-UHFFFAOYSA-N;14;Ethyl octanoate;CCCCCCCC(=O)OCC
102;InChIKey=ISOLMABRZPQKOV-UHFFFAOYSA-N;13;;CCOC(=O)C(NC(C)=O)C(=O)OCC
103;InChIKey=IEJIGPNLZYLLBP-UHFFFAOYSA-N;13;Dimethyl carbonate;COC(=O)OC
104;InChIKey=UIKUBYKUYUSRSM-UHFFFAOYSA-N;12;3-morpholin-4-ylpropan-1-amine;NCCCN1CCOCC1
105;InChIKey=OWBTYPJTUOEWEK-UHFFFAOYSA-N;12;;CC(O)C(C)O
106;InChIKey=PRAKJMSDJKAYCZ-UHFFFAOYSA-N;12;2,6,10,15,19,23-Hexamethyltetracosane;CC(C)CCCC(C)CCCC(C)CCCCC(C)CCCC(C)CCCC(C)C
107;InChIKey=DNIAPMSPPWPWGF-UHFFFAOYSA-N;12;PROPANE-1,2-DIOL;CC(O)CO
108;InChIKey=KBPLFHHGFOOTCA-UHFFFAOYSA-N;12;OCTAN-1-OL;CCCCCCCCO
109;InChIKey=BFCFYVKQTRLZHA-UHFFFAOYSA-N;12;1-Chloro-2-nitrobenzene;[O-][N+](=O)c1ccccc1Cl
110;InChIKey=RXYPXQSKLGGKOL-UHFFFAOYSA-N;12;1,4-Dimethylpiperazine;CN1CCN(C)CC1
111;InChIKey=KKFDCBRMNNSAAW-UHFFFAOYSA-N;12;2-morpholin-4-ylethanol;OCCN1CCOCC1
112;InChIKey=BJQHLKABXJIVAM-UHFFFAOYSA-N;12;bis(2-ethylhexyl) benzene-1,2-dicarboxylate;CCCCC(CC)COC(=O)c1ccccc1C(=O)OCC(CC)CCCC
113;InChIKey=WFCSWCVEJLETKA-UHFFFAOYSA-N;12;2-Piperazin-1-ylethanol;OCCN1CCNCC1
114;InChIKey=VJHINFRRDQUWOJ-UHFFFAOYSA-N;12;Bis(2-ethylhexyl) decanedioate;CCCCC(CC)COC(=O)CCCCCCCCC(=O)OCC(CC)CCCC
115;InChIKey=RRONHWAVOYADJL-HNNXBMFYSA-N;12;(2S)-3-phenyl-2-(phenylmethoxycarbonylamino)propanoic acid;OC(=O)[C@H](Cc1ccccc1)NC(=O)OCc2ccccc2
116;InChIKey=LYGJENNIWJXYER-UHFFFAOYSA-N;12;['N,N-dihydroxymethanamine', 'Nitromethane'];C[N+]([O-])=O
117;InChIKey=PVOAHINGSUIXLS-UHFFFAOYSA-N;12;1-Methylpiperazine;CN1CCNCC1
118;InChIKey=QHJABUZHRJTCAR-UHFFFAOYSA-N;11;N-methylpropane-1,3-diamine;CNCCCN
119;InChIKey=RPNUMPOLZDHAAY-UHFFFAOYSA-N;11;N-(2-aminoethyl)ethane-1,2-diamine;NCCNCCN
120;InChIKey=TVMXDCGIABBOFY-UHFFFAOYSA-N;11;octane;CCCCCCCC
121;InChIKey=DHXVGJBLRPWPCS-UHFFFAOYSA-N;11;['Oxane', '2,3,4,5-tetrahydropyran'];C1CCOCC1
122;InChIKey=IOAOAKDONABGPZ-UHFFFAOYSA-N;11;2-amino-2-ethylpropane-1,3-diol;CCC(N)(CO)CO
123;InChIKey=YFNKIDBQEZZDLK-UHFFFAOYSA-N;11;1,2-Bis(2-methoxyethoxy)ethane;COCCOCCOCCOC
124;InChIKey=LCEDQNDDFOCWGG-UHFFFAOYSA-N;11;;O=CN1CCOCC1
125;InChIKey=JVSWJIKNEAIKJW-UHFFFAOYSA-N;10;2-Methylheptane;CCCCCC(C)C
126;InChIKey=DCXXMTOCNZCJGO-UHFFFAOYSA-N;9;1,3-di(octadecanoyloxy)propan-2-yl octadecanoate;CCCCCCCCCCCCCCCCCC(=O)OCC(COC(=O)CCCCCCCCCCCCCCCCC)OC(=O)CCCCCCCCCCCCCCCCC
127;InChIKey=JWUJQDFVADABEY-UHFFFAOYSA-N;8;2-Methyloxolane;CC1CCCO1
128;InChIKey=RNVCVTLRINQCPJ-UHFFFAOYSA-N;8;2-Methylaniline;Cc1ccccc1N
129;InChIKey=ZSIAUFGUXNUGDI-UHFFFAOYSA-N;8;HEXAN-1-OL;CCCCCCO
130;InChIKey=DIOQZVSQGTUSAI-UHFFFAOYSA-N;8;Decane;CCCCCCCCCC
131;InChIKey=PUPZLCDOIYMWBV-UHFFFAOYSA-N;8;Butane-1,3-diol;CC(O)CCO
132;InChIKey=JUJWROOIHBZHMG-UHFFFAOYSA-N;8;Pyridine;c1ccncc1
133;InChIKey=TZYRSLHNPKPEFV-UHFFFAOYSA-N;7;2-Ethylbutan-1-ol;CCC(CC)CO
134;InChIKey=UHOVQNZJYSORNB-UHFFFAOYSA-N;6;BENZENE;c1ccccc1
135;InChIKey=ZIBGPFATKBEMQZ-UHFFFAOYSA-N;6;2-[2-(2-hydroxyethoxy)ethoxy]ethanol;OCCOCCOCCO
136;InChIKey=MTHSVFCYNBDYFN-UHFFFAOYSA-N;6;2-(2-Hydroxyethoxy)ethanol;OCCOCCO
137;InChIKey=UWHCKJMYHZGTIT-UHFFFAOYSA-N;6;2-[2-[2-(2-hydroxyethoxy)ethoxy]ethoxy]ethanol;OCCOCCOCCOCCO
138;InChIKey=WEEGYLXZBRQIMU-WAAGHKOSSA-N;6;4,7,7-trimethyl-8-oxabicyclo[2.2.2]octane;CC12CCC(CC1)C(C)(C)O2
139;InChIKey=KFZMGEQAYNKOFK-UHFFFAOYSA-N;6;Propan-2-ol;CC(C)O
140;InChIKey=IBSQPLPBRSHTTG-UHFFFAOYSA-N;6;1-Chloro-2-methylbenzene;Cc1ccccc1Cl
141;InChIKey=PFURGBBHAOXLIO-OLQVQODUSA-N;6;(1R,2S)-cyclohexane-1,2-diol;O[C@H]1CCCC[C@H]1O
142;InChIKey=RSJKGSCJYJTIGS-UHFFFAOYSA-N;5;Undecane;CCCCCCCCCCC
143;InChIKey=FHKSXSQHXQEMOK-UHFFFAOYSA-N;5;hexane-1,2-diol;CCCCC(O)CO
144;InChIKey=MGSRCZKZVOBKFT-UHFFFAOYSA-N;5;5-methyl-2-propan-2-ylphenol;CC(C)c1ccc(C)cc1O
145;InChIKey=ITQTTZVARXURQS-UHFFFAOYSA-N;4;3-Methylpyridine;Cc1cccnc1
146;InChIKey=BSKHPKMHTQYZBB-UHFFFAOYSA-N;4;2-Methylpyridine;Cc1ccccn1
147;InChIKey=QGZKDVFQNNGYKY-UHFFFAOYSA-N;4;['$l^{1}-azane', 'azane'];N
148;InChIKey=FKNQCJSGGFJEIZ-UHFFFAOYSA-N;4;4-Methylpyridine;Cc1ccncc1
149;InChIKey=HNJBEVLQSNELDL-UHFFFAOYSA-N;4;pyrrolidin-2-one;O=C1CCCN1
150;InChIKey=PAYRUJLWNCNPSJ-UHFFFAOYSA-N;4;Aniline;Nc1ccccc1
151;InChIKey=AFBPFSWMIHJQDM-UHFFFAOYSA-N;4;N-Methylaniline;CNc1ccccc1
152;InChIKey=URLKBWYHVLBVBO-UHFFFAOYSA-N;3;1,4-Dimethylbenzene;Cc1ccc(C)cc1
153;InChIKey=ZHNUHDYFZUAESO-UHFFFAOYSA-N;3;FORMAMIDE;NC=O
154;InChIKey=ATHHXGZTWNVVOU-UHFFFAOYSA-N;3;N-Methylformamide;CNC=O
155;InChIKey=CTQNGGLPUBDAKN-UHFFFAOYSA-N;3;1,2-Dimethylbenzene;Cc1ccccc1C
156;InChIKey=VEZUQRBDRNJBJY-UHFFFAOYSA-N;3;N-cyclohexylidenehydroxylamine;ON=C1CCCCC1
157;InChIKey=HZAXFHJVJLSVMW-UHFFFAOYSA-N;3;2-aminoethanol;NCCO
158;InChIKey=YXFVVABEGXRONW-UHFFFAOYSA-N;3;methylbenzene;Cc1ccccc1
159;InChIKey=GLUUGHFHXGJENI-UHFFFAOYSA-N;2;Piperazine;C1CNCCN1
160;InChIKey=WYJOVVXUZNRJQY-UHFFFAOYSA-N;2;1-thiophen-2-ylethanone;CC(=O)c1sccc1
161;InChIKey=WFDIJRYMOXRFFG-UHFFFAOYSA-N;2;Acetyl acetate;CC(=O)OC(C)=O
162;InChIKey=QTBSBXVTEAMEQO-UHFFFAOYSA-N;2;acetic acid;CC(O)=O
163;InChIKey=QWKKYJLAUWFPDB-UHFFFAOYSA-N;1;4-Nitrobenzenesulfonamide;N[S](=O)(=O)c1ccc(cc1)[N+]([O-])=O
164;InChIKey=WOFPPJOZXUTRAU-UHFFFAOYSA-N;1;Octan-4-ol;CCCCC(O)CCC
165;InChIKey=VKONPUDBRVKQLM-IZLXSQMJSA-N;1;;O[C@H]1CC[C@H](O)CC1
166;InChIKey=SXWIAEOZZQADEY-UHFFFAOYSA-N;1;1,3,5-tri(phenyl)benzene;c1ccc(cc1)c2cc(cc(c2)c3ccccc3)c4ccccc4
167;InChIKey=XJKSTNDFUHDPQJ-UHFFFAOYSA-N;1;1,4-di(phenyl)benzene;c1ccc(cc1)c2ccc(cc2)c3ccccc3
168;InChIKey=TXTQURPQLVHJRE-UHFFFAOYSA-N;1;3-Nitrobenzenesulfonamide;N[S](=O)(=O)c1cccc(c1)[N+]([O-])=O
169;InChIKey=ZQBFAOFFOQMSGJ-UHFFFAOYSA-N;1;1,2,3,4,5,6-hexafluorobenzene;Fc1c(F)c(F)c(F)c(F)c1F
170;InChIKey=WPYMKLBDIGXBTP-UHFFFAOYSA-N;1;benzoic acid;OC(=O)c1ccccc1
171;InChIKey=WEVYAHXRMPXWCK-UHFFFAOYSA-N;1;Acetonitrile;CC#N
172;InChIKey=SJWFXCIHNDVPSH-UHFFFAOYSA-N;1;octan-2-ol;CCCCCCC(C)O
173;InChIKey=QIQXTHQIDYTFRH-UHFFFAOYSA-N;1;Octadecanoic acid;CCCCCCCCCCCCCCCCCC(O)=O
174;InChIKey=GNDKYAWHEKZHPJ-UHFFFAOYSA-N;1;['2-(hydroxy-oxidoamino)benzenesulfonamide', '2-nitrobenzenesulfonamide', 'N-hydroxy-2-sulfamoylbenzeneamine oxide'];N[S](=O)(=O)c1ccccc1[N+]([O-])=O
175;InChIKey=CETWDUZRCINIHU-UHFFFAOYSA-N;1;heptan-2-ol;CCCCCC(C)O
176;InChIKey=WCVRQHFDJLLWFE-UHFFFAOYSA-N;1;Pentane-1,2-diol;CCCC(O)CO
177;InChIKey=FZWLAAWBMGSTSO-UHFFFAOYSA-N;1;1,3-thiazole;s1ccnc1
178;InChIKey=CHBDXRNMDNRJJC-UHFFFAOYSA-N;1;1,2,3-tri(phenyl)benzene;c1ccc(cc1)c2cccc(c3ccccc3)c2c4ccccc4
179;InChIKey=IXUOEGRSQCCEHB-UHFFFAOYSA-N;1;nonan-4-ol;CCCCCC(O)CCC
180;InChIKey=YJTKZCDBKVTVBY-UHFFFAOYSA-N;1;1,3-di(phenyl)benzene;c1ccc(cc1)c2cccc(c2)c3ccccc3
181;InChIKey=NMRPBPVERJPACX-UHFFFAOYSA-N;1;octan-3-ol;CCCCCC(O)CC
182;InChIKey=RZGRWVULDSXQSM-UHFFFAOYSA-N;1;methyl 2-thiophen-3-ylacetate;COC(=O)Cc1cscc1
183;InChIKey=GYSCXPVAKHVAAY-UHFFFAOYSA-N;1;nonan-3-ol;CCCCCCC(O)CC
184;InChIKey=TUNFSRHWOTWDNC-UHFFFAOYSA-N;1;Tetradecanoic acid;CCCCCCCCCCCCCC(O)=O
185;InChIKey=YVBCULSIZWMTFY-UHFFFAOYSA-N;1;Heptan-4-ol;CCCC(O)CCC
186;InChIKey=NGDNVOAEIVQRFH-UHFFFAOYSA-N;1;NONAN-2-OL;CCCCCCCC(C)O
187;InChIKey=GPRIERYVMZVKTC-UHFFFAOYSA-N;1;1-phenyl-4-(4-phenylphenyl)benzene;c1ccc(cc1)c2ccc(cc2)c3ccc(cc3)c4ccccc4
188;InChIKey=FCBBRODPXVPZAH-UHFFFAOYSA-N;1;Nonan-5-ol;CCCCC(O)CCCC
189;InChIKey=XKGDWZQXVZSXAO-ADYSOMBNSA-N;1;methyl (Z,12R)-12-hydroxyoctadec-9-enoate;CCCCCC[C@@H](O)C\C=C/CCCCCCCC(=O)OC
190;InChIKey=KNKIXYMOHMYZJR-UHFFFAOYSA-N;1;methyl 2-thiophen-2-ylacetate;COC(=O)Cc1sccc1
