;filename;Mass density, kg/m3
0;acs.jced.5b00009;['2,2,4-trimethylpentane' 'heptane' 'octane' 'benzene']
1;acs.jced.5b00031;['1-butoxy-2-propanol' '1-hexanol' '1-octanol' '1-decanol']
2;acs.jced.5b00064;['ethanol' '1,2-propanediol']
3;acs.jced.5b00122;"['methanol' 'ethanol' '1-propanol' '2-propanol' '2-methoxyethanol'
 'ethanol, 2-propoxy-']"
4;acs.jced.5b00181;['1-propanol']
5;acs.jced.5b00256;['1-propanol']
6;acs.jced.5b00301;['ethanol']
7;acs.jced.5b00317;['water']
8;acs.jced.5b00326;['water']
9;acs.jced.5b00331;['cyclohexane' 'hexadecane']
10;acs.jced.5b00451;['water']
11;acs.jced.5b00527;['isopropyl ether' 'methanol' '1-butanol' 'water']
12;acs.jced.5b00537;['2-methyl-2-butanol' '2-methyl-1-propanol']
13;acs.jced.5b00582;['2-methoxyethanol' '1,2-dimethoxyethane']
14;acs.jced.5b00662;"['1,2-ethanediol' 'bis(2-hydroxyethyl) ether' 'triethylene glycol'
 'tetraethylene glycol' 'ethanol, 2-ethoxy-' ""1,1'-oxybis[2-ethoxyethane]""]"
15;acs.jced.5b00724;['water']
16;acs.jced.5b00789;['methylcyclohexane']
17;acs.jced.5b00838;"['dibutyl ether' 'butyl isobutyl ether' 'ethyl hexyl ether'
 'pentyl propyl ether']"
18;j.fluid.2006.01.017;['ethanol']
19;j.fluid.2006.02.023;"['1,3-dioxolane' 'water' 'methanol' 'ethanol' '1-propanol' '2-propanol'
 '1-butanol' '2-methyl-2-propanol' '3-methyl-1-butanol']"
20;j.fluid.2006.04.010;['1-propanol' '1-butanol' '1-pentanol' '1-hexanol']
21;j.fluid.2006.05.032;['1-propanol' 'toluene']
22;j.fluid.2006.06.017;['1-propanol' '1-butanol' 'dipropyl ether' 'dibutyl ether']
23;j.fluid.2006.07.003;['dipropyl ether' '1-propanol' '1-pentanol']
24;j.fluid.2006.07.011;['isopropylbenzene']
25;j.fluid.2006.07.016;['1-propanol']
26;j.fluid.2006.11.005;['ethanol' 'benzene']
27;j.fluid.2006.12.011;['trans-decalin']
28;j.fluid.2007.01.001;['toluene' '2-hexanol' '2-heptanol' '2-octanol']
29;j.fluid.2007.01.021;['water' '1-propanol' 'cyclohexyl alcohol']
30;j.fluid.2007.01.038;['butyl tert-butyl ether' 'methanol' 'ethanol']
31;j.fluid.2007.03.021;['ethanol']
32;j.fluid.2007.03.030;['1-propanol' 'dipropyl ether' 'ethanol, 2-ethoxy-']
33;j.fluid.2007.06.005;['2,2,4-trimethylpentane' 'ethanol']
34;j.fluid.2007.07.066;['water']
35;j.fluid.2007.08.008;['dipropyl ether' '1-propanol' 'water' '1,2-ethanediol']
36;j.fluid.2007.09.009;"['1,2-ethanediol' 'bis(2-hydroxyethyl) ether' 'triethylene glycol'
 'tetraethylene glycol']"
37;j.fluid.2007.09.028;['1-propanol' '1-butanol' '1-pentanol' '2-methyl-2-propanol']
38;j.fluid.2007.10.010;['hexane' 'heptane' 'hexadecane']
39;j.fluid.2007.12.003;['1-butanol']
40;j.fluid.2008.01.007;['benzene' 'toluene' '1,3-dimethylbenzene' 'nonane' 'undecane']
41;j.fluid.2008.01.010;['2-methyl-1-propanol' 'glycerol']
42;j.fluid.2008.02.005;"['dipropylene glycol monopropyl ether' '1-heptanol' 'methanol' '1-propanol'
 '1-pentanol']"
43;j.fluid.2008.03.002;['3-methyl-1-butanol']
44;j.fluid.2008.03.004;"['methyl tert-butyl ether' 'tert-butyl ethyl ether' 'xylene'
 '1,3-dimethylbenzene' '1,4-dimethylbenzene']"
45;j.fluid.2008.04.014;['water']
46;j.fluid.2008.06.003;['hexane' 'heptane' 'ethanol']
47;j.fluid.2008.06.004;['ethanol' '1-propanol' '2-propanol']
48;j.fluid.2008.06.006;['isopropyl ether' 'cyclohexane']
49;j.fluid.2008.06.007;['1-pentanol']
50;j.fluid.2008.06.012;['hexane' 'heptane' 'dodecane' 'hexadecane']
51;j.fluid.2008.06.014;['diethyl ether']
52;j.fluid.2008.06.019;['isopropyl ether' '1-propanol' 'toluene']
53;j.fluid.2008.07.001;['2-methyl-1-propanol' 'water']
54;j.fluid.2008.09.004;['ethanol']
55;j.fluid.2008.09.005;['1-propanol' 'benzene']
56;j.fluid.2008.11.014;['1-propanol' 'isopropyl ether']
57;j.fluid.2009.04.017;['water']
58;j.fluid.2009.06.018;"['2-(2-propoxyethoxy)ethanol' '3,6-dioxa-1-decanol'
 'ethanol, 2-[2-(2-methoxyethoxy)ethoxy]-'
 '2-(2-(2-ethoxyethoxy)ethoxy)ethanol'
 '2-(2-(2-butoxyethoxy)ethoxy)ethanol']"
59;j.fluid.2009.07.010;['ethanol' 'water']
60;j.fluid.2009.09.015;['2-propanol']
61;j.fluid.2009.09.019;['toluene' 'heptane' 'hexane' 'cyclohexane']
62;j.fluid.2009.11.030;['1-butanol' '2-methyl-1-propanol' '1-pentanol' 'heptane']
63;j.fluid.2010.01.002;['methanol' 'water']
64;j.fluid.2010.03.001;['1-pentanol']
65;j.fluid.2010.08.010;['1-hexanol' 'xylene']
66;j.fluid.2010.08.014;['2,5,8-trioxanonane' 'triglyme' 'dimethoxytetraglycol']
67;j.fluid.2010.10.003;['2-propanol']
68;j.fluid.2011.01.007;['ethanol' 'benzene' 'toluene']
69;j.fluid.2011.01.012;['water']
70;j.fluid.2011.01.018;['benzene' 'cyclohexane' '2,2,4-trimethylpentane']
71;j.fluid.2011.03.030;['exo-tetrahydrodicyclopentadiene' 'methylcyclohexane']
72;j.fluid.2011.06.011;['ethanol']
73;j.fluid.2011.08.020;['hexadecane' 'eicosane' 'octadecane']
74;j.fluid.2011.10.018;['octadecane']
75;j.fluid.2011.11.022;['1,2-ethanediol' 'bis(2-hydroxyethyl) ether' 'triethylene glycol']
76;j.fluid.2011.12.007;['hexane' 'tetrahydropyran']
77;j.fluid.2012.01.023;['tetradecane']
78;j.fluid.2012.02.007;['1-hexanol']
79;j.fluid.2012.05.007;['water']
80;j.fluid.2012.06.013;['1-propanol' '2-propanol' 'ethanol']
81;j.fluid.2012.06.020;['undecyl alcohol' 'water']
82;j.fluid.2012.06.031;['1-propanol' '1-butanol' '1-pentanol' '2,2,4-trimethylpentane']
83;j.fluid.2012.07.032;['water' '1-butanol']
84;j.fluid.2012.08.002;['2-methoxyethanol']
85;j.fluid.2012.08.030;['2-methoxyethanol' 'ethanol, 2-ethoxy-' '2-butoxyethanol']
86;j.fluid.2012.09.019;['decane' '1,4-dimethylbenzene' 'xylene' '1,3-dimethylbenzene']
87;j.fluid.2012.09.038;['water']
88;j.fluid.2012.10.004;['hexane' 'ethanol']
89;j.fluid.2012.11.004;['ethanol' '3-methyl-1-butanol']
90;j.fluid.2012.11.013;"['2,2-dimethylbutane' '2,3-dimethylbutane' '2-methylpentane'
 '3-methylpentane']"
91;j.fluid.2012.11.039;['decane' 'octadecane']
92;j.fluid.2012.12.021;['tetrahydropyran']
93;j.fluid.2012.12.022;['ethanol' 'water' 'glycerol' '1,2-ethanediol']
94;j.fluid.2013.01.002;['dodecane' '1-dodecanol' 'undecane']
95;j.fluid.2013.01.015;['octane' '1,4-dimethylbenzene' 'xylene' '1,3-dimethylbenzene']
96;j.fluid.2013.01.022;['tert-butyl ethyl ether' 'ethanol']
97;j.fluid.2013.01.024;['methanol' '2-propanol' 'ethanol']
98;j.fluid.2013.01.025;['1,2-ethanediol']
99;j.fluid.2013.01.027;"['1-butanol' '1-hexanol' '1-octanol' '1-decanol' '1-dodecanol' 'water'
 'benzene' 'toluene' 'ethylbenzene' 'propylbenzene']"
100;j.fluid.2013.02.003;['2-methyl-1-propanol' '2-methyl-2-propanol']
101;j.fluid.2013.02.005;['2,5-dimethylfuran' 'isopropyl ether']
102;j.fluid.2013.03.002;['hexadecane' 'dipropylene glycol monopropyl ether']
103;j.fluid.2013.03.029;['water' 'ethanol' '2-methyl-1-propanol' '1-pentanol']
104;j.fluid.2013.05.016;['nonane' 'benzene' 'heptane' 'toluene' 'xylene']
105;j.fluid.2013.06.006;['1-hexanol' '1-heptanol' '1-pentanol' '1-butanol' 'water']
106;j.fluid.2013.06.007;['water' '1-butanol' 'butan-2-ol' '1-pentanol' '1-hexanol' '1-heptanol']
107;j.fluid.2013.06.013;['water']
108;j.fluid.2013.06.018;['heptane' 'hexane' 'ethanol']
109;j.fluid.2013.06.021;['2-butoxyethanol' '1-propanol' '2-propanol' '1-butanol' 'butan-2-ol']
110;j.fluid.2013.06.041;"['1,2-ethanediol' '1,3-propanediol' '1,2-propanediol' '1,4-butanediol'
 '1,2-hexanediol']"
111;j.fluid.2013.07.015;['water']
112;j.fluid.2013.07.028;['hexane' 'toluene']
113;j.fluid.2013.07.054;['water']
114;j.fluid.2013.08.005;['water']
115;j.fluid.2013.08.007;['2-propanol' 'water']
116;j.fluid.2013.08.029;['1,2-ethanediol']
117;j.fluid.2013.09.029;['butan-2-ol' '2-methyl-2-propanol' '1-pentanol']
118;j.fluid.2013.09.030;['methanol']
119;j.fluid.2013.10.012;['undecane' '1,4-dimethylbenzene' 'xylene' '1,3-dimethylbenzene']
120;j.fluid.2013.10.022;['1-octanol' '2-ethyl-1-hexanol' 'water']
121;j.fluid.2013.10.033;['cyclohexane' 'methylcyclohexane' 'cyclooctane' 'benzene']
122;j.fluid.2013.10.034;['1-propanol' '2-propanol' 'water']
123;j.fluid.2013.10.057;['cyclopentane']
124;j.fluid.2013.10.060;['ethanol' 'hexane' 'tetrahydropyran']
125;j.fluid.2013.11.008;['methanol' 'ethanol' '2-propanol' '1-butanol']
126;j.fluid.2013.11.025;['methanol']
127;j.fluid.2013.11.026;['pentane']
128;j.fluid.2013.11.031;['1-propanol']
129;j.fluid.2013.11.036;['water']
130;j.fluid.2014.01.013;['decane' 'dodecane' 'tetradecane' 'hexadecane']
131;j.fluid.2014.01.019;['benzyl alcohol']
132;j.fluid.2014.01.022;['1-methoxy-2-propanol' 'methanol' '2-propanol']
133;j.fluid.2014.01.033;['hexane' 'benzene']
134;j.fluid.2014.01.044;['water']
135;j.fluid.2014.01.046;['ethanol' 'cyclohexane']
136;j.fluid.2014.03.002;['water']
137;j.fluid.2014.03.008;['1-octanol' 'water']
138;j.fluid.2014.04.002;"['1,2-propanediol' '1,3-propanediol' 'tetrahydrofuran'
 'dimethoxytetraglycol']"
139;j.fluid.2014.04.019;['bis(2-hydroxyethyl) ether']
140;j.fluid.2014.04.025;['toluene' '2-methoxyethanol']
141;j.fluid.2014.05.033;['methoxybenzene' 'methanol' 'phenol']
142;j.fluid.2014.06.005;"['1-propanol' '2-propanol' '2-phenylethanol' '1,3-propanediol'
 '2-methyl-2-propanol']"
143;j.fluid.2014.06.015;['glycerol' 'butan-2-ol' '2-methyl-2-butanol' 'water']
144;j.fluid.2014.06.019;['1-butanol']
145;j.fluid.2014.06.023;['1-butanol' 'water']
146;j.fluid.2014.06.024;['tetrahydropyran' 'benzene' 'toluene' 'xylene']
147;j.fluid.2014.07.004;['methoxybenzene' 'methanol' 'phenol']
148;j.fluid.2014.07.023;['water']
149;j.fluid.2014.07.032;['water']
150;j.fluid.2014.07.039;['dodecane' 'tridecane' 'tetradecane']
151;j.fluid.2014.07.041;['2-methoxyethanol' 'ethanol, 2-ethoxy-' 'methylcyclohexane']
152;j.fluid.2014.08.002;['2,2-dimethyl-1,3-dioxolane' 'heptane' 'toluene' 'ethanol' 'water']
153;j.fluid.2014.10.013;['cyclohexane' 'methanol']
154;j.fluid.2014.10.043;['1-octanol']
155;j.fluid.2014.11.005;['water' 'ethanol']
156;j.fluid.2014.12.003;"['1-hexanol' '1-octanol' '1-decanol' 'benzene' 'toluene' 'ethylbenzene'
 'heptane']"
157;j.fluid.2014.12.027;['decane' 'toluene' 'bis(2-hydroxyethyl) ether' 'triethylene glycol']
158;j.fluid.2014.12.029;['1-propanol' '1-butanol']
159;j.fluid.2015.01.002;['hexadecane' 'benzene' 'toluene' '1,4-dimethylbenzene' '2-methoxyethanol']
160;j.fluid.2015.01.026;['decane' 'dodecane' 'tetradecane' 'hexadecane']
161;j.fluid.2015.03.023;['heptane']
162;j.fluid.2015.03.027;['heptane' '1-propanol']
163;j.fluid.2015.03.040;"['1-butanol' '1-pentanol' '1-hexanol' '1-heptanol' '1-octanol'
 'tetrahydropyran' 'methyl tert-butyl ether' 'tert-amyl methyl ether'
 'tert-butyl ethyl ether' 'isopropyl ether' 'water']"
164;j.fluid.2015.03.049;['dimethoxymethane']
165;j.fluid.2015.04.001;['1,2-ethanediol' '2-methylnaphthalene']
166;j.fluid.2015.04.017;['toluene']
167;j.fluid.2015.04.021;['water']
168;j.fluid.2015.05.002;"['2-methylfuran' '2-methyltetrahydrofuran' 'dibutyl ether'
 '2,2,4-trimethylpentane']"
169;j.fluid.2015.05.016;['methanol' '1,2-propanediol' '1,2-butanediol' '1,2-pentanediol']
170;j.fluid.2015.05.031;['heptane' 'octane' 'nonane']
171;j.fluid.2015.05.032;['1,4-dimethylbenzene']
172;j.fluid.2015.06.003;['methyl tert-butyl ether' 'methanol' '1-butanol' 'water']
173;j.fluid.2015.06.016;['decane' 'toluene' 'glycerol']
174;j.fluid.2015.06.041;['1,4-dioxane']
175;j.fluid.2015.06.043;['water']
176;j.fluid.2015.07.016;"['2,2-dimethyl-1,3-dioxolane-4-methanol' 'heptane' 'toluene' 'ethanol'
 'water']"
177;j.fluid.2015.07.017;['methanol' '1-propanol']
178;j.fluid.2015.07.023;['methanol' 'isopropyl ether' '2-propanol']
179;j.fluid.2015.07.032;['methanol' 'ethanol' '2-propanol' '1-octanol']
180;j.fluid.2015.07.045;['methanol']
181;j.fluid.2015.08.005;['ethanol']
182;j.fluid.2015.08.012;['ethanol' 'water']
183;j.fluid.2015.08.014;['methanol']
184;j.fluid.2015.09.052;['methanol' '2-propanol' 'water' 'glycerol']
185;j.fluid.2015.10.035;['2-propanol']
186;j.fluid.2015.11.009;['1-butanol' 'water']
187;j.jct.2004.09.014;"['2-methoxyethanol' '2-(2-methoxyethoxy)ethanol'
 'ethanol, 2-[2-(2-methoxyethoxy)ethoxy]-' 'tert-butyl ethyl ether']"
188;j.jct.2004.09.022;['water']
189;j.jct.2004.10.011;['toluene']
190;j.jct.2004.11.016;['water']
191;j.jct.2004.12.002;['ethanol' 'heptane']
192;j.jct.2004.12.010;['ethanol' 'decane' 'undecane']
193;j.jct.2005.02.004;['methanol']
194;j.jct.2005.03.006;['methanol' 'ethylbenzene']
195;j.jct.2005.03.016;['ethanol' 'methylcyclohexane']
196;j.jct.2005.03.027;['1-pentanol' '1-hexanol' '1-heptanol' '1-octanol' '1-decanol']
197;j.jct.2005.05.003;['methanol']
198;j.jct.2005.05.004;['toluene' 'methanol' 'ethanol' '1-propanol']
199;j.jct.2005.05.020;['pentane' 'hexane' 'heptane']
200;j.jct.2005.06.011;"['methylcyclohexane' '1-propanol' '2-propanol' '1-butanol'
 '2-methyl-1-propanol' '3-methyl-1-butanol' 'ethanol']"
201;j.jct.2005.06.015;['1-pentanol' '1-hexanol' '1-heptanol' '1-octanol' '1-decanol']
202;j.jct.2005.07.025;['1-dodecanol']
203;j.jct.2005.08.001;['ethanol']
204;j.jct.2005.08.002;['methylcyclopentane']
205;j.jct.2005.08.018;['benzene']
206;j.jct.2005.09.001;['1,2-butanediol' '1,3-butanediol' '1,4-butanediol' '2,3-butanediol']
207;j.jct.2005.09.003;['octane']
208;j.jct.2005.10.008;['toluene']
209;j.jct.2005.10.009;['1-decanol' 'heptane']
210;j.jct.2005.12.005;"['methylcyclohexane' 'benzene' 'toluene' '1,4-dimethylbenzene'
 '1,3,5-trimethylbenzene' 'methoxybenzene']"
211;j.jct.2006.01.012;['octane' 'heptane']
212;j.jct.2006.03.010;['methanol' 'ethanol' '1-propanol' '1-butanol']
213;j.jct.2006.03.014;['paraldehyde']
214;j.jct.2006.03.018;"['methoxybenzene' 'ethanol' '1-propanol' '2-propanol' '1-butanol'
 '1-pentanol' '3-methyl-1-butanol']"
215;j.jct.2006.05.003;['1,4-dioxane']
216;j.jct.2006.05.005;['dipropyl ether' 'isopropyl ether']
217;j.jct.2006.05.006;['benzene' 'toluene' 'ethylbenzene']
218;j.jct.2006.05.012;['toluene']
219;j.jct.2006.06.005;['cyclohexane' 'benzene' 'toluene']
220;j.jct.2006.06.008;['cyclohexane' 'cyclopentane' '1-propanol' '1-butanol' 'ethanol']
221;j.jct.2006.07.001;['benzyl alcohol']
222;j.jct.2006.07.013;['toluene']
223;j.jct.2006.07.015;['1-heptanol' 'methylcyclohexane']
224;j.jct.2006.07.017;['xylene' '1,3-dimethylbenzene' '1,4-dimethylbenzene']
225;j.jct.2006.07.025;['1,2,4-trimethylbenzene' '1,3,5-trimethylbenzene']
226;j.jct.2006.08.011;['hexane' 'toluene']
227;j.jct.2006.09.006;['isopropyl ether' 'ethanol']
228;j.jct.2006.09.007;"['ethylbenzene' 'xylene' '1,3-dimethylbenzene' '1,4-dimethylbenzene'
 'isopropylbenzene' '1,2,4-trimethylbenzene' '1,3,5-trimethylbenzene'
 'methoxybenzene']"
229;j.jct.2006.09.014;['butane']
230;j.jct.2006.10.004;['1,2-ethanediol' '1,3-propanediol' '1,5-pentanediol']
231;j.jct.2006.10.005;['benzene' 'toluene' 'ethylbenzene']
232;j.jct.2006.10.017;['ethanol']
233;j.jct.2006.11.003;['xylene' '1,3-dimethylbenzene' '1,4-dimethylbenzene']
234;j.jct.2006.12.017;['4-methylphenol' '1,4-dimethylbenzene' '1,3-dimethylbenzene' 'xylene']
235;j.jct.2007.01.008;['1-pentanol']
236;j.jct.2007.01.009;['1,2-hexanediol' '2,5-hexanediol' '1,5-hexanediol']
237;j.jct.2007.02.002;['methyl tert-butyl ether' '1-butanol' 'hexane']
238;j.jct.2007.02.008;['ethanol' '2-propanol' 'hexane' 'cyclohexane' 'heptane']
239;j.jct.2007.04.010;['2-propanol']
240;j.jct.2007.05.004;['methanol' 'ethanol']
241;j.jct.2007.05.005;"['tert-butyl ethyl ether' '2,2,4-trimethylpentane' 'ethylbenzene' 'benzene'
 'toluene' '2-methyl-2-propanol' 'ethanol']"
242;j.jct.2007.05.006;['dimethoxytetraglycol']
243;j.jct.2007.05.010;['1,2-ethanediol' '1,2-propanediol']
244;j.jct.2007.05.016;['1-butanol' 'hexane' 'octane' 'decane']
245;j.jct.2007.06.002;['2-methoxyethanol' '1,2-dimethoxyethane' '2,5,8-trioxanonane']
246;j.jct.2007.06.009;['1-butanol']
247;j.jct.2007.06.014;['butane']
248;j.jct.2007.06.016;['dodecane' 'cyclohexane']
249;j.jct.2007.09.004;"['ethanol, 2-propoxy-' 'bis(2-hydroxyethyl) ether' 'triethylene glycol'
 'tetraethylene glycol']"
250;j.jct.2007.09.007;['1,4-dioxane' 'isopropyl ether' 'dibutyl ether' 'tetrahydrofuran']
251;j.jct.2007.09.009;['methanol' 'ethanol']
252;j.jct.2007.09.011;"['2-methoxyethanol' '2-(2-methoxyethoxy)ethanol'
 'ethanol, 2-[2-(2-methoxyethoxy)ethoxy]-']"
253;j.jct.2007.10.010;"['octane' 'benzene' 'toluene' '1,3-dimethylbenzene'
 '1,3,5-trimethylbenzene']"
254;j.jct.2007.11.002;['benzene' 'toluene' 'cyclohexane']
255;j.jct.2007.11.009;['octane' 'benzene']
256;j.jct.2008.01.002;['isopropyl ether' '1-propanol' 'dipropyl ether' '2-propanol' 'water']
257;j.jct.2008.01.008;"['dipropylene glycol dimethyl ether' 'methanol' '1-propanol' '1-pentanol'
 '1-heptanol']"
258;j.jct.2008.01.015;"['diethylene glycol monohexyl ether' 'methanol' '1-propanol' '1-pentanol'
 '1-heptanol']"
259;j.jct.2008.01.017;['1-heptanol' '1-octanol']
260;j.jct.2008.01.022;['1,2-propanediol' '1,2-butanediol' '1,2-pentanediol' '1,2-hexanediol']
261;j.jct.2008.01.023;['ethanol' '1,2-ethanediol' '3,6-dioxa-1-octanol']
262;j.jct.2008.01.025;['heptane' 'dodecane' 'hexadecane']
263;j.jct.2008.02.005;['1-octanol' 'hexane' 'octane' 'decane']
264;j.jct.2008.02.015;['triglyme']
265;j.jct.2008.02.020;['heptane' 'nonane']
266;j.jct.2008.04.003;['2-methylpropane']
267;j.jct.2008.05.014;['heptane' 'dodecane']
268;j.jct.2008.06.001;['1-heptanol' '1-octanol' '1-decanol' 'dibutyl ether']
269;j.jct.2008.07.005;['1-propanol' '1,2-propanediol' '1,3-propanediol' 'glycerol']
270;j.jct.2008.07.010;['2-propanol' 'hexadecane' '2,6,10,15,19,23-hexamethyltetracosane']
271;j.jct.2008.07.014;['1-octanol' '1-nonanol' '1-decanol' 'water']
272;j.jct.2008.09.006;['nonane' '1,2-dimethoxyethane' '2,5,8-trioxanonane']
273;j.jct.2008.09.018;['1,2-ethanediol' '1-nonanol']
274;j.jct.2008.10.002;['water']
275;j.jct.2008.12.003;['bis(2-hydroxyethyl) ether' 'tetraethylene glycol' 'propanol, oxybis-']
276;j.jct.2008.12.010;['1,4-dimethylbenzene' 'decane']
277;j.jct.2008.12.020;['toluene' 'decane']
278;j.jct.2008.12.022;['triethylene glycol' '1,2-propanediol']
279;j.jct.2009.01.008;['toluene' '2,2,4-trimethylpentane' 'methyl tert-butyl ether']
280;j.jct.2009.02.002;['2-methyl-1-propanol' 'hexadecane' '2,6,10,15,19,23-hexamethyltetracosane']
281;j.jct.2009.04.001;['1,4-dimethylbenzene' 'xylene' '1,2-dimethoxyethane']
282;j.jct.2009.06.001;['cyclohexane' 'heptane']
283;j.jct.2009.06.006;['1,2-butanediol' '1,3-butanediol' '1,4-butanediol' '2,3-butanediol']
284;j.jct.2009.06.016;['1-propoxy-2-propanol' 'water']
285;j.jct.2009.06.023;['ethanol' '1-propanol' '1-butanol']
286;j.jct.2009.07.020;['1-decanol']
287;j.jct.2009.08.016;['1,8-cineole' 'ethanol' '1-butanol' '1-pentanol' '1-propanol']
288;j.jct.2009.10.002;['1-octanol']
289;j.jct.2009.11.020;['glycerol' 'methanol' 'water']
290;j.jct.2009.12.008;['toluene']
291;j.jct.2010.01.003;['hexadecane']
292;j.jct.2010.03.011;['1,4-butanediol' '2,3-butanediol' '2-ethyl-1-hexanol']
293;j.jct.2010.03.022;['ethanol']
294;j.jct.2010.05.016;"[""2,2'-methylenebisfuran"" 'methanol' 'ethanol' '1-propanol' '1-butanol'
 '1-pentanol' '1-hexanol']"
295;j.jct.2010.06.011;['hexane']
296;j.jct.2010.07.014;['methanol' 'ethanol']
297;j.jct.2010.08.010;['cyclohexane' 'toluene' 'ethanol']
298;j.jct.2010.08.019;['2-propanol' 'tetrahydropyran' '2,2,4-trimethylpentane']
299;j.jct.2010.09.008;"['heptane' '1,2-dimethoxyethane' '2,5,8-trioxanonane' 'triglyme'
 'dimethoxytetraglycol']"
300;j.jct.2010.10.018;['2-methyl-2-propanol']
301;j.jct.2010.11.004;['dipentyl ether' 'dodecane' 'tetradecane' 'hexadecane']
302;j.jct.2010.11.007;['1-propanol']
303;j.jct.2010.11.009;['cyclohexane']
304;j.jct.2010.11.013;['hexane' 'heptane' 'octane' 'nonane' 'toluene']
305;j.jct.2010.12.009;['methanol' 'ethanol' '1-propanol' '2-propanol' '1-butanol']
306;j.jct.2010.12.012;['cyclohexane' 'methylcyclohexane' 'cyclooctane' 'toluene']
307;j.jct.2010.12.014;['ethylbenzene' 'cyclohexane' 'methylcyclohexane' 'cyclooctane']
308;j.jct.2010.12.016;['benzene' 'toluene' 'cyclohexane']
309;j.jct.2010.12.027;['tetrahydrofuran']
310;j.jct.2011.01.005;['1-propanol' '1-butanol']
311;j.jct.2011.01.014;['water' 'methanol' 'ethanol']
312;j.jct.2011.02.008;['1-hexanol' 'cyclohexane']
313;j.jct.2011.04.006;['dibutyl ether' 'dipropyl ether' '2,2-dimethylbutane' '2,3-dimethylbutane']
314;j.jct.2011.04.011;['methoxymethane']
315;j.jct.2011.06.013;['1,2-ethanediol' 'bis(2-hydroxyethyl) ether' 'triethylene glycol']
316;j.jct.2011.07.018;['1-hexanol' '1-octanol']
317;j.jct.2011.07.021;['2-ethyl-1-hexanol' '1,4-dioxane']
318;j.jct.2011.08.012;['2-methylheptane' '1-butanol']
319;j.jct.2011.08.016;['heptane' 'decane']
320;j.jct.2011.08.028;['methanol' 'ethanol' '1-propanol' '2-propanol']
321;j.jct.2011.09.001;['decane']
322;j.jct.2011.09.007;['2-propanol' '2-methylheptane']
323;j.jct.2011.10.002;['tetrahydropyran']
324;j.jct.2011.10.009;['ethanol']
325;j.jct.2011.10.023;"['ethanol' '1-propanol' '1-butanol' '1-pentanol' '1-hexanol' '1-heptanol'
 '1-octanol' '1-nonanol' '1-decanol' 'undecyl alcohol']"
326;j.jct.2011.10.025;['2-propanol' 'tetrahydropyran' '2-methylheptane']
327;j.jct.2011.10.027;"['toluene' 'ethylbenzene' 'xylene' '1,3-dimethylbenzene'
 '1,4-dimethylbenzene']"
328;j.jct.2011.10.028;['1-propanol' '2-propanol']
329;j.jct.2011.12.002;['1-pentanol' '1-hexanol' '1-heptanol']
330;j.jct.2011.12.008;['2-methyl-1-propanol']
331;j.jct.2012.01.003;['butan-2-ol' '1-hexanol' '1-heptanol' '1-octanol' '1-decanol' 'water']
332;j.jct.2012.01.008;['methoxybenzene']
333;j.jct.2012.01.013;['methanol' 'ethanol' '1-propanol' '1-butanol' 'water']
334;j.jct.2012.01.022;['1-hexanol' '1-octanol' '1-decanol']
335;j.jct.2012.01.023;['ethanol' 'water']
336;j.jct.2012.02.001;['phenoxybenzene']
337;j.jct.2012.02.007;['1-propanol' '2-propanol' '1-butanol' 'butan-2-ol' '1-pentanol']
338;j.jct.2012.02.023;['methanol' 'ethanol']
339;j.jct.2012.02.027;['water' 'ethanol']
340;j.jct.2012.02.033;['tetrahydrofuran']
341;j.jct.2012.02.036;['2-methyl-1-propanol' '2-propanol']
342;j.jct.2012.02.037;"['cyclohexyl alcohol' 'methanol' 'ethanol' '1-propanol' '2-propanol'
 '1-butanol' 'butan-2-ol']"
343;j.jct.2012.02.039;['ether, ethyl butyl']
344;j.jct.2012.03.011;['dodecane']
345;j.jct.2012.03.013;['1,4-butanediol']
346;j.jct.2012.03.025;['water']
347;j.jct.2012.04.011;['cyclohexane' 'methylcyclohexane' 'toluene' 'water']
348;j.jct.2012.04.015;['heptane' 'cyclohexane' 'toluene']
349;j.jct.2012.04.017;['1-butanol']
350;j.jct.2012.04.020;['water']
351;j.jct.2012.04.026;['heptane' 'ethanol']
352;j.jct.2012.05.005;['1,4-dioxane' '2-methylheptane']
353;j.jct.2012.05.016;['2-propanol']
354;j.jct.2012.05.023;['dodecane' '1,2,3,4-tetrahydronaphthalene']
355;j.jct.2012.05.032;['1,4-butanediol' '1-octanol' '1,4-dioxane']
356;j.jct.2012.05.033;['water']
357;j.jct.2012.06.028;['hexane' 'ethanol']
358;j.jct.2012.06.031;['1-propanol' '1,2-propanediol' '1,3-propanediol' 'glycerol']
359;j.jct.2012.07.006;"['heptane' 'octane' 'decane' 'tetradecane' 'hexadecane' 'cyclohexane'
 'toluene']"
360;j.jct.2012.07.018;['ethanol' 'cyclohexane']
361;j.jct.2012.07.019;['water']
362;j.jct.2012.08.010;['ethylbenzene' 'xylene' '1,3-dimethylbenzene' '1,4-dimethylbenzene']
363;j.jct.2012.08.014;['1,2-ethanediol' '1,2-propanediol' '1,2-butanediol']
364;j.jct.2012.08.023;['water']
365;j.jct.2012.08.024;['1,2-ethanediol' 'ethanol']
366;j.jct.2012.08.026;['1,2-butanediol' '1,3-butanediol' '1,4-butanediol']
367;j.jct.2012.08.029;['heptane' 'toluene' 'water']
368;j.jct.2012.08.030;['methanol' '1-propanol' '2-propanol' '1-butanol']
369;j.jct.2012.09.015;['hexane' 'cyclohexane' 'heptane']
370;j.jct.2012.09.026;['2-methyl-2-propanol' 'water']
371;j.jct.2012.09.027;['1-hexanol' '2-ethyl-1-butanol']
372;j.jct.2012.10.002;['methanol' 'ethanol' '1-propanol']
373;j.jct.2012.10.008;['methanol' 'ethanol' '1-propanol' '1-butanol']
374;j.jct.2012.10.025;['undecane']
375;j.jct.2012.10.028;['1-octanol' '2-ethyl-1-hexanol' 'water']
376;j.jct.2012.11.005;['cyclohexane' 'methanol' 'ethanol' '1-butanol' 'isopropyl ether']
377;j.jct.2012.11.007;['water']
378;j.jct.2012.11.011;['octane' 'decane']
379;j.jct.2012.11.015;['1-octanol' '1-nonanol' '1-decanol']
380;j.jct.2012.11.032;['water']
381;j.jct.2012.12.003;"['1,2-propanediol' 'methanol' '1-propanol' '1-hexanol' '1-octanol'
 '1-nonanol']"
382;j.jct.2012.12.007;"[""1,1'-oxybis[2-ethoxyethane]"" 'methanol' '1-butanol' '1-decanol']"
383;j.jct.2012.12.010;['water']
384;j.jct.2012.12.017;['ethanol' 'heptane' 'hexane']
385;j.jct.2013.01.008;['water']
386;j.jct.2013.01.015;['hexane' '1-hexanol' 'water']
387;j.jct.2013.01.023;['water']
388;j.jct.2013.03.018;['methanol' '1,3-dioxolane']
389;j.jct.2013.03.023;['ethylbenzene' '.alpha.-methylbenzyl alcohol' 'water']
390;j.jct.2013.04.015;['methanol' 'ethanol' '1-butanol' 'water']
391;j.jct.2013.04.021;['2-butoxyethanol' '1-hexanol' '1-octanol' '1-decanol']
392;j.jct.2013.05.009;['2,2,4-trimethylpentane' 'toluene' '1-butanol']
393;j.jct.2013.05.011;['bis(2-hydroxyethyl) ether' 'triethylene glycol']
394;j.jct.2013.05.019;['water']
395;j.jct.2013.05.021;['water']
396;j.jct.2013.05.037;['water']
397;j.jct.2013.05.040;['2-propanol']
398;j.jct.2013.05.041;['water']
399;j.jct.2013.05.051;['1-heptanol' 'heptane']
400;j.jct.2013.06.009;['water']
401;j.jct.2013.06.020;['2-hydroxymethylfuran' 'furfuryl alcohol, tetrahydro-']
402;j.jct.2013.07.003;['1,3-butanediol' '1-octanol' '1,4-dioxane']
403;j.jct.2013.07.010;['methanol']
404;j.jct.2013.08.007;['1-butanol']
405;j.jct.2013.08.010;['water']
406;j.jct.2013.08.011;['1-propanol' '1,2-ethanediol']
407;j.jct.2013.08.013;['1-propanol' '1-butanol' '1-pentanol' '1-hexanol' '1-heptanol']
408;j.jct.2013.08.020;['ethanol' 'water' '1,3-propanediol']
409;j.jct.2013.08.021;['methanol' 'ethanol' '1-propanol']
410;j.jct.2013.08.023;['heptane' 'hexane' 'methanol' 'ethanol']
411;j.jct.2013.09.005;['1-propanol' '1-butanol' '1-pentanol']
412;j.jct.2013.09.006;['ethanol']
413;j.jct.2013.09.015;['water']
414;j.jct.2013.09.017;['heptane' 'octane' 'nonane' 'decane']
415;j.jct.2013.09.018;['methanol']
416;j.jct.2013.09.024;['ethanol']
417;j.jct.2013.09.026;['1-propanol']
418;j.jct.2013.09.032;['heptane' '1-propanol']
419;j.jct.2013.09.039;['1,4-dimethylbenzene']
420;j.jct.2013.09.043;['2-propanol' 'butan-2-ol' '2-pentanol' '2-hexanol' '2-heptanol']
421;j.jct.2013.09.046;['water' 'ethanol' 'glycerol']
422;j.jct.2013.10.013;['water']
423;j.jct.2013.10.018;['1-octanol' '1-decanol']
424;j.jct.2013.10.025;['tetrahydrofuran' '1-hexanol' '1-octanol' '1-decanol']
425;j.jct.2013.11.002;['water']
426;j.jct.2013.11.015;['water']
427;j.jct.2013.11.020;['hexane' 'toluene' 'ethylbenzene']
428;j.jct.2013.11.021;['water']
429;j.jct.2013.11.026;['water' 'ethanol']
430;j.jct.2013.11.027;['1,4-dioxane' 'tetrahydrofuran']
431;j.jct.2013.11.028;['1-butanol' '1-pentanol' '3-methyl-1-butanol' 'water']
432;j.jct.2013.12.008;['methoxybenzene' 'ethoxybenzene']
433;j.jct.2013.12.009;['methanol']
434;j.jct.2013.12.022;['dodecane']
435;j.jct.2013.12.025;['methoxybenzene' 'ethylbenzene']
436;j.jct.2013.12.028;['tetrahydrofuran']
437;j.jct.2013.12.029;['heptane' '1-propanol']
438;j.jct.2014.01.020;['cyclohexane']
439;j.jct.2014.01.022;['octane' 'nonane' 'benzene' 'toluene' 'ethylbenzene']
440;j.jct.2014.01.030;['methanol' 'ethanol' '1-propanol' '2-propanol' 'butan-2-ol' '1-pentanol']
441;j.jct.2014.02.005;['toluene' 'water']
442;j.jct.2014.02.012;['dodecane' 'water']
443;j.jct.2014.02.021;['methanol']
444;j.jct.2014.02.022;['methanol']
445;j.jct.2014.03.003;['ethylbenzene']
446;j.jct.2014.03.007;['nonane']
447;j.jct.2014.03.008;['heptane' 'cyclohexane' 'toluene']
448;j.jct.2014.03.021;['water']
449;j.jct.2014.04.025;['heptane' '1-propanol']
450;j.jct.2014.05.005;['water' 'ethanol' '1-octanol']
451;j.jct.2014.05.019;['water']
452;j.jct.2014.06.023;['ethane']
453;j.jct.2014.06.030;['tetrahydropyran' 'cyclohexane']
454;j.jct.2014.06.031;['glycerol' 'water']
455;j.jct.2014.08.005;['tripropylene glycol' 'triethylene glycol']
456;j.jct.2014.09.001;['ethanol' '1-propanol' '2-propanol' '1-butanol' 'butan-2-ol']
457;j.jct.2014.09.005;['1-heptanol' '1-decanol']
458;j.jct.2014.09.009;['ethanol' '2-propanol' 'dodecane']
459;j.jct.2014.10.005;['water']
460;j.jct.2014.12.006;['water']
461;j.jct.2014.12.022;['benzene']
462;j.jct.2015.01.013;['methanol' '2-propanol' 'cyclohexane']
463;j.jct.2015.01.016;['benzene']
464;j.jct.2015.02.004;['ethanol' '2-propanol' 'methanol' '1-butanol' 'methyl tert-butyl ether']
465;j.jct.2015.02.011;['tetrahydrofuran']
466;j.jct.2015.02.013;['1-propanol' 'water']
467;j.jct.2015.03.004;['cyclohexane' 'hexane']
468;j.jct.2015.03.012;['water']
469;j.jct.2015.03.023;['1-butanol']
470;j.jct.2015.04.034;['1-propanol' '2-propanol']
471;j.jct.2015.05.006;['1,2-dimethoxyethane' 'dodecane' 'cyclohexane' 'hexane' 'octane']
472;j.jct.2015.06.004;['benzene' 'toluene' 'methanol' 'ethanol' '1-propanol' '1-butanol']
473;j.jct.2015.06.009;['methyl tert-butyl ether' 'toluene' '1-butanol']
474;j.jct.2015.06.029;['water']
475;j.jct.2015.06.036;['methanol']
476;j.jct.2015.07.022;['water']
477;j.jct.2015.07.035;"['dibenzyl ether' '.alpha.-methylbenzyl alcohol' 'cyclohexyl alcohol'
 '1-decanol']"
478;j.jct.2015.08.011;['methanol']
479;j.jct.2015.08.021;['1,4-butanediol' '1-pentanol' '3-methyl-1-butanol' '1,4-dioxane']
480;j.jct.2015.08.027;['water']
481;j.jct.2015.08.036;['ethanol']
482;j.jct.2015.09.010;['methanol' 'ethanol' '1-propanol' '2-propanol' '1-butanol']
483;j.jct.2015.09.012;['1,8-cineole' 'ethanol']
484;j.jct.2015.10.001;['water']
485;j.jct.2015.10.009;['hexane']
486;j.jct.2015.10.011;['hexane' 'water']
487;j.jct.2015.10.018;['heptane' 'cyclohexane' 'toluene']
488;j.jct.2015.10.026;['water']
489;j.jct.2015.11.016;['benzene' 'octane' 'decane']
490;j.tca.2008.09.006;['cyclohexane' '1-propanol']
491;j.tca.2008.11.007;['cyclohexane' 'benzene' '1-propanol']
492;j.tca.2008.11.009;['tetrahydrofuran' '1,3-dioxolane' 'tetrahydropyran' '1,4-dioxane']
493;j.tca.2009.02.013;['1-decanol']
494;j.tca.2009.02.022;['cyclohexane' '1-butanol' '1-pentanol' '1-octanol']
495;j.tca.2009.03.014;['ethanol' '1-propanol' '2-propanol' '1-butanol']
496;j.tca.2009.12.008;['water']
497;j.tca.2010.03.012;['tetrahydropyran' 'hexane' 'heptane' 'cyclohexane' 'benzene']
498;j.tca.2010.04.025;['tetrahydrofuran']
499;j.tca.2010.07.017;['tetrahydrofuran' '1,4-dioxane']
500;j.tca.2011.01.019;['isopropyl ether' 'tetrahydrofuran']
501;j.tca.2011.02.004;['isopropyl ether' 'tetrahydrofuran']
502;j.tca.2011.05.006;['methanol' 'ethanol' '1-propanol' '1-butanol' '1-pentanol']
503;j.tca.2011.06.003;['2-methyl-1-propanol' '2-propanol' '1-butanol']
504;j.tca.2011.06.020;['tetrahydropyran']
505;j.tca.2011.07.005;['isopropyl ether' 'tetrahydrofuran']
506;j.tca.2011.07.023;['hexane' 'heptane']
507;j.tca.2011.08.002;['1-propanol' '1-butanol' 'butan-2-ol' '2-methyl-2-propanol' '1-pentanol']
508;j.tca.2012.01.007;['methanol' 'ethanol' 'water']
509;j.tca.2012.01.013;['1-butanol' 'butan-2-ol']
510;j.tca.2012.04.002;['cyclohexane' 'benzene']
511;j.tca.2012.05.025;['water']
512;j.tca.2012.06.011;['exo-tetrahydrodicyclopentadiene']
513;j.tca.2012.06.014;['ethanol' '1-propanol' '2-propanol']
514;j.tca.2012.08.011;['cyclohexane' 'benzene']
515;j.tca.2012.12.008;['2-propanol' 'butan-2-ol' '2-pentanol' '1-heptanol' '2-hexanol']
516;j.tca.2013.02.006;['1-decanol' '1-dodecanol']
517;j.tca.2013.02.010;['1-propanol' '2-propanol']
518;j.tca.2013.03.010;['1,3-propanediol' '1,2-ethanediol' '1,2-propanediol']
519;j.tca.2013.03.025;['1-propanol' '1,2-propanediol' '1,3-propanediol']
520;j.tca.2013.05.015;['ethanol']
521;j.tca.2013.07.012;['glycerol' 'water']
522;j.tca.2013.08.002;['water']
523;j.tca.2013.09.006;['water']
524;j.tca.2013.12.016;['methanol' 'ethanol']
525;j.tca.2014.03.042;['water']
526;j.tca.2014.05.004;['1-propanol']
527;j.tca.2014.05.028;['water']
528;j.tca.2014.06.026;['cyclohexyl alcohol']
529;j.tca.2014.06.028;['water']
530;j.tca.2014.06.031;['ethanol']
531;j.tca.2014.10.018;['1-octanol' '1-butanol' '1-decanol']
532;j.tca.2014.11.028;['water']
533;j.tca.2015.08.013;['furan' '2-methylfuran' '2,5-dimethylfuran']
534;j.tca.2015.08.023;['ethylbenzene' 'octane' 'propylbenzene']
535;je034182z;['hexane']
536;je040012q;['toluene']
537;je049580w;['2,6,10,15,19,23-hexamethyltetracosane' 'heptane']
538;je049610v;['methoxybenzene' '1,4-dioxane']
539;je049655w;['ethanol' '2,2,4-trimethylpentane']
540;je049661s;['cyclohexane']
541;je049663c;['1,4-butanediol' '1-dodecanol']
542;je0497496;['water']
543;je049776w;['1,4-dimethylbenzene' 'cyclohexane' 'heptane' 'octane']
544;je049777o;['hexane' 'heptane']
545;je049793l;['isopropylbenzene' 'xylene' '1,3-dimethylbenzene' '1,4-dimethylbenzene']
546;je0498053;"['2-hexanol' '3-hexanol' '2-methyl-1-pentanol' '2-methyl-2-pentanol'
 '4-methyl-2-pentanol']"
547;je0498208;['water']
548;je0499059;['toluene']
549;je050020m;['decane']
550;je0500330;['methanol' 'ethanol' '2-methyl-1-butanol']
551;je0500633;['methanol' 'ethanol' '1-propanol']
552;je0500734;['1-pentanol']
553;je050085p;"['methoxybenzene' 'ethoxybenzene' 'benzyl alcohol' '2-phenylethanol'
 '3-phenyl-1-propanol']"
554;je0501235;['1-butanol' '2-methyl-1-propanol' '2-methyl-2-propanol']
555;je050156k;['cyclohexene oxide']
556;je0501639;['ethanol' '2-methyl-2-propanol' '2,2,4-trimethylpentane']
557;je050165t;['methanol']
558;je050200w;['1-octanol' '1-nonanol' '1-decanol' 'undecyl alcohol']
559;je0502142;['1-propanol' '2-methyl-1-butanol' '3-methyl-1-butanol']
560;je050223a;['1-butanol']
561;je050231r;['benzene' 'toluene']
562;je0502344;['ethanol']
563;je0502546;"['methoxybenzene' 'benzene' 'toluene' 'ethylbenzene' 'propylbenzene'
 'butylbenzene']"
564;je050294+;['1-butanol']
565;je050376y;['4-methylphenol' '1,2-ethanediol' 'methanol']
566;je050389b;['ethanol']
567;je050402s;['ethanol']
568;je050414d;['toluene' 'methanol' '2-propanol']
569;je0504156;['3-methylphenol' '1,2-ethanediol' 'methanol']
570;je050416y;['2-methyl-1-butanol' '2-methyl-2-butanol' '3-methyl-1-butanol' 'ethanol']
571;je0504212;"['dibutyl ether' 'ethanol, 2-ethoxy-' 'bis(2-hydroxyethyl) ether'
 '1,2-dimethoxyethane' '3,6-dioxaoctane' '3,6-dioxa-1-octanol'
 'triethylene glycol' ""1,1'-oxybis[2-ethoxyethane]""
 '2-(2-(2-ethoxyethoxy)ethoxy)ethanol' 'tetraethylene glycol'
 'benzyl alcohol']"
572;je0504459;['1-pentanol' '1-hexanol' '1-heptanol']
573;je050463q;['ethanol']
574;je050484k;"['2-methoxyethanol' '1,2,4-trimethylbenzene' '1,3,5-trimethylbenzene'
 '1,2-dimethoxyethane']"
575;je050519g;['methanol' 'ethanol' '1-propanol' '1-butanol' '1-pentanol']
576;je050538q;['2-methyl-2-butanol']
577;je050540h;['cyclohexane' 'cyclopentane' '2-propanol' '2-pentanol']
578;je060003c;['2-methyl-2-propanol']
579;je060017i;['2-methyltetrahydrofuran' '1-butanol']
580;je060025z;"['water' '3-methyl-1-butanol' '1-nonanol' '1-decanol' '1-dodecanol'
 'methyl tert-butyl ether' 'hexane' 'toluene']"
581;je0600653;['tetrahydrofuran']
582;je0600799;['methyl tert-butyl ether' 'methanol' 'benzene' 'toluene']
583;je0600808;['1-propanol' '1-butanol' '1-pentanol']
584;je0600810;['methanol']
585;je060086x;"['1,2-propanediol' 'methanol' 'ethanol' '1-propanol' '1-butanol'
 '1-pentanol' '1-hexanol']"
586;je0601098;"['methanol' 'ethanol' '1-propanol' '1-butanol' 'tetrahydrofuran'
 '1,4-dioxane']"
587;je060113j;['tetrahydrofuran' 'methanol']
588;je0601208;['ethanol']
589;je0601255;['1-butanol']
590;je060137q;['1,2,4-trimethylbenzene' '1,3,5-trimethylbenzene']
591;je060139a;['ethanol']
592;je060154f;['1-hexanol']
593;je060179e;['heptane' '1-butanol' '1-hexanol' '1-octanol']
594;je060192z;['1-octanol' '1-decanol']
595;je060200b;['heptane']
596;je060210c;['1-pentanol' '2-pentanol']
597;je060228n;['ethanol']
598;je060238o;"['2-methyl-1-propanol' '2-methyl-1-butanol' '3-methyl-1-butanol'
 '1-pentanol']"
599;je0602519;['toluene' '1-heptanol' '1-octanol' '1-decanol']
600;je0602521;['methanol']
601;je060288t;['1-methoxy-2-propanol']
602;je060307z;['ethanol' '1-propanol' '1-butanol' '1-pentanol']
603;je060311a;['1,4-dioxane' 'tetrahydrofuran' '1,3-dioxolane']
604;je060314n;['dipropyl ether' '1-propanol']
605;je0603325;['heptane']
606;je060353z;['1-hexanol' '1-heptanol' '1-octanol' '1-nonanol' '1-decanol']
607;je060355j;['hexane']
608;je060389r;['2-methyl-1-propanol' 'hexane' 'octane' 'decane']
609;je0604378;['1-heptanol' '1-octanol' '1-nonanol' '1-decanol']
610;je060441j;['methanol' 'benzene']
611;je0604479;['1-propanol' 'dipropyl ether']
612;je060475r;['benzene' 'toluene']
613;je060485s;['xylene' '1,3-dimethylbenzene' '1,4-dimethylbenzene' 'ethylbenzene']
614;je060490w;"['1,2,4-trimethylbenzene' '1,3,5-trimethylbenzene' '1,1-diethoxyethane'
 '2,2-dimethoxypropane']"
615;je060491o;['hexane' 'dodecane']
616;je060496l;['glycerol' '1-propanol' '2-propanol' '1,2-propanediol' '1,3-propanediol']
617;je060497d;['2-propanol']
618;je1000473;['methanol']
619;je100075m;['hexane']
620;je100089s;['1,2-ethanediol']
621;je100095p;"['benzyl alcohol' 'methanol' 'ethanol' '1-propanol' '1-butanol'
 '1-pentanol' '1-hexanol']"
622;je100100n;"['methanol' '2-propanol' '1-propanol' '1-butanol' '1-pentanol'
 '2-methyl-1-propanol' 'ethanol']"
623;je1001544;['hexane' 'nonane' 'benzene' 'heptane' 'octane']
624;je100159m;['ethanol']
625;je100170v;['1-octanol']
626;je100290a;['1,2-ethanediol']
627;je100313a;['undecane' 'tetradecane']
628;je100315g;['tetrahydrofuran']
629;je100341q;['tetrahydrofuran']
630;je100353j;['cyclohexane']
631;je100390b;['1-hexanol' '1,4-dimethylbenzene']
632;je100484n;['2-methyl-2-propanol' 'heptane']
633;je100508y;['benzene' 'cyclohexane' 'methylcyclohexane' 'cyclooctane']
634;je100526j;['benzene' 'cyclohexane']
635;je100577v;['1,8-cineole' '1-propanol']
636;je100581m;['ethanol' '1-propanol' '2-propanol']
637;je100594u;['1,3-dioxolane' '1-pentanol' 'diethyl ether']
638;je100595s;['1-propanol']
639;je100610v;['heptane']
640;je100614r;['methanol']
641;je100652b;"['1-butanol' '1-pentanol' '1-heptanol' 'benzene' 'cyclohexane' 'toluene'
 '1,4-dimethylbenzene' 'ethylbenzene']"
642;je100657n;['toluene']
643;je100671v;['ethanol' '1-octanol' 'water']
644;je100704j;['cyclohexane' 'water']
645;je100716c;['nonane' 'octane' 'benzene']
646;je100734t;"['1-nonanol' '1-decanol' 'xylene' '1,3-dimethylbenzene'
 '1,4-dimethylbenzene' 'ethylbenzene']"
647;je100757w;['2,5,8-trioxanonane' 'triglyme' 'dimethoxytetraglycol']
648;je100765j;['isopropyl ether']
649;je100776x;['cyclohexane']
650;je100788g;['1-butanol']
651;je100803e;['1,2-propanediol']
652;je100821g;['methyl tert-butyl ether']
653;je100823t;['1-hexanol' 'xylene' '1,3-dimethylbenzene' '1,4-dimethylbenzene']
654;je1008262;['isopropyl ether']
655;je100848r;['methanol' 'ethanol' '1-propanol']
656;je100912t;['1-propanol']
657;je100927m;['2-ethyl-1-hexanol']
658;je100940w;['water']
659;je100967k;['ethanol' 'water']
660;je1009976;['bis(2-hydroxyethyl) ether']
661;je101035p;['ethanol']
662;je1011604;['benzene']
663;je101173w;['ethanol']
664;je1011828;['methanol' 'ether, ethyl butyl']
665;je101250d;['heptane' 'tert-amyl methyl ether']
666;je1012857;['2-methyl-1-propanol' '1-butanol' '2-propanol']
667;je101286a;['dibutyl ether']
668;je1013476;['ethanol' '1-propanol' '1-pentanol' '1-octanol']
669;je101358p;['1-octanol' '1-heptanol' '1-nonanol' '1-decanol']
670;je101361u;"['1,2-dimethoxyethane' '2,5,8-trioxanonane' ""1,1'-oxybis[2-ethoxyethane]""]"
671;je2000099;['water']
672;je200030k;['1-butanol' '2-propanol']
673;je2000606;['methanol' 'benzyl alcohol']
674;je200111a;['3-methyl-1-butanol' '1-pentanol']
675;je200150r;['benzyl alcohol']
676;je200226z;['water']
677;je2002495;['water']
678;je200327s;['pentane']
679;je200334e;['benzene' 'heptane' 'cyclooctane' 'methylcyclohexane']
680;je200350a;['methylcyclohexane']
681;je200373q;['octane' 'nonane']
682;je200457q;['1-propanol' '1-butanol' '2-propanol' 'ethanol']
683;je200468r;['2-methyl-1-propanol' 'cyclohexyl alcohol']
684;je200504u;['hexadecane' '1,2,3,4-tetrahydronaphthalene']
685;je200575c;['tetradecane']
686;je200600p;['methanol' 'ethanol']
687;je200609g;['2-propanol' 'tetrahydrofuran']
688;je200707b;['methanol' 'ethanol' '1-propanol' '1-butanol']
689;je2007204;['water']
690;je200757a;['nonane' 'dodecane' 'tridecane']
691;je200806n;['2-propanol' 'butan-2-ol' '2-pentanol' '2-hexanol' '1-heptanol']
692;je2009208;['methanol']
693;je200922s;['ethanol']
694;je2009736;['benzene' 'toluene' 'xylene' '1,3-dimethylbenzene' '1,4-dimethylbenzene']
695;je201009c;['ethanol' 'benzyl alcohol']
696;je201010s;['2-propanol' 'water']
697;je2010209;['ethanol, 2-[2-(2-methoxyethoxy)ethoxy]-']
698;je201102x;['butan-2-ol' '2-methyl-1-propanol' '2-methyl-2-butanol']
699;je201116t;['methanol' 'ethanol' '1-propanol' '1-butanol']
700;je201130h;['water' 'toluene' 'xylene' '1,4-dimethylbenzene']
701;je2011314;"['methanol' '2-methylheptane' '1-propanol' 'methyl tert-butyl ether'
 'ethanol' 'isopropyl ether']"
702;je201140q;['ethanol' 'tetrahydropyran']
703;je201152j;['ethanol']
704;je201211f;['xylene' '1,3-dimethylbenzene' '1,4-dimethylbenzene']
705;je201222n;['ethanol' '1-propanol' '1-butanol']
706;je2012633;['ethanol']
707;je201334p;['water']
708;je300076y;['2-methyl-2-propanol']
709;je300134c;['water']
710;je300146k;['heptane' 'octane' 'decane' 'dodecane' 'tetradecane' 'benzyl alcohol']
711;je3002283;['hexane' 'octane' 'xylene' '1,3-dimethylbenzene']
712;je300347z;['ethanol' '1-propanol' '2-propanol' '1-butanol' '1-pentanol' '1-hexanol']
713;je300384g;['1-propanol' '2-propanol' '1-butanol']
714;je300557g;['methanol' 'ethanol']
715;je300631s;['hexane' '2,5-dimethylfuran']
716;je300670n;['butane, 2-ethoxy-2-methyl-' '1-butanol' 'butan-2-ol' '2-methyl-2-butanol']
717;je300678r;['2-methyl-2-butanol' '2-ethyl-1-hexanol' 'butan-2-ol']
718;je300683r;['2-methyl-1-propanol' '3-methyl-1-butanol' 'water' 'ethanol']
719;je300696c;['1-heptanol' 'methanol' 'ethanol' '1-propanol' '2-methyl-2-propanol']
720;je300733a;['1-propanol' '2-propanol' '2-methyl-1-propanol' 'butan-2-ol']
721;je300737t;['2-butoxyethanol']
722;je300789a;"['1-methoxy-2-propanol' 'propylene glycol monoethyl ether'
 '1-propoxy-2-propanol' '2-butoxy-1-propanol']"
723;je300799f;['heptane' 'nonane']
724;je300810p;['ethanol']
725;je300826t;['cyclohexane' 'methylcyclohexane' 'cyclooctane' 'benzene' 'ethylbenzene']
726;je300886k;['ethanol']
727;je300974g;['tetrahydropyran']
728;je300994y;['isopropyl ether' '2-propanol']
729;je301095j;['1,2-dimethoxyethane' 'ethanol' '1-pentanol' '1-octanol']
730;je301122r;['1-ethyl-2-methylbenzene' '1,2,4-trimethylbenzene']
731;je3011634;['2-methyl-1-propanol' '1-propanol' '2-propanol']
732;je3011979;['pentane' 'hexane' 'heptane' 'octane' 'nonane' 'decane']
733;je301238f;['tert-butyl ethyl ether' 'butane, 2-ethoxy-2-methyl-']
734;je3012925;['2-methyl-1-butanol']
735;je3013205;['2-propanol' 'methanol' '1,2-ethanediol']
736;je4000372;['3,6-dioxa-1-decanol']
737;je4000394;['decane' 'octadecane']
738;je400134d;['heptane' 'cyclohexane' 'toluene']
739;je400214b;['ethanol' '1-heptanol']
740;je4004806;['octane' 'ethanol' '1-propanol' '1-butanol' '1-pentanol']
741;je400487e;"['decane' 'dodecane' 'tetradecane' 'methylcyclohexane' 'cyclooctane'
 '2,2,4-trimethylpentane']"
742;je400491p;['1,2-ethanediol']
743;je4004993;['tetrahydrofuran' 'cyclohexane' '1,2-propanediol']
744;je400512u;['1-heptanol' '1,4-dioxane']
745;je400529k;"['exo-tetrahydrodicyclopentadiene' 'cyclohexane' 'methylcyclohexane'
 'ethylcyclohexane' 'butylcyclohexane' '1,2,4-trimethylcyclohexane']"
746;je400539h;['tetrahydrofuran' '1,4-dioxane' 'methoxybenzene']
747;je400581e;['2-propanol' '2-methyl-1-propanol' '3-methyl-1-butanol']
748;je400606c;['decane' 'dodecane' '1-dodecanol']
749;je400659p;['1,4-dioxane' '1,2-ethanediol']
750;je4006739;['ethanol, 2-ethoxy-' 'ethylbenzene']
751;je400679k;['water']
752;je400683g;['ethanol' '2,5-dimethylfuran']
753;je400722h;['1,3-dioxolane' '1,4-dioxane' 'tetrahydropyran']
754;je400781b;['tetrahydrofuran']
755;je400917j;['2-propanol' 'butan-2-ol' '2-pentanol' '2-hexanol' '2-heptanol']
756;je4009415;['pentane']
757;je400968v;['ethanol' '1-propanol' '1-butanol' 'water']
758;je401020e;"['1,2-ethanediol' '1,4-butanediol' 'bis(2-hydroxyethyl) ether'
 'triethylene glycol']"
759;je401036f;['1-butanol' 'butan-2-ol']
760;je401095k;['water']
761;je401101u;['1-propanol' '2-propanol']
762;je401120a;['methanol']
763;je401124t;['methanol' 'ethanol' '1-propanol' '2-propanol']
764;je5000132;['dodecane' '2,2,4,4,6,8,8-heptamethylnonane']
765;je500153g;['butan-2-ol' '2-propanol' 'bis(2-hydroxyethyl) ether' 'triethylene glycol']
766;je500283s;['decane' 'undecane' 'dodecane' 'tetradecane' 'hexadecane']
767;je500332k;['water']
768;je500380x;['methanol' 'ethanol' 'water']
769;je500389t;['water']
770;je500418f;['methanol']
771;je500455u;['methanol']
772;je5004719;['tetrahydropyran' 'benzene' 'toluene' 'xylene']
773;je5005643;['dodecane']
774;je5005752;"['1-propanol' '2-methyl-1-propanol' '1-butanol' '3-methyl-1-butanol'
 '1-hexanol']"
775;je500594z;['ethanol']
776;je500672d;['methanol']
777;je5007604;['methanol' '1-propanol' '1-butanol']
778;je5008789;['2,6,10,15,19,23-hexamethyltetracosane']
779;je5008795;['benzene']
780;je5009119;['1,2-ethanediol']
781;je5009334;"['2-phenylethanol' 'butan-2-ol' '1,2-butanediol' '1,3-butanediol'
 'benzyl alcohol']"
782;je5009944;['methanol']
783;je5010214;['1-butanol' '2-methyl-1-propanol' 'heptane']
784;je501041r;"['2,2,4-trimethylpentane' '1-propanol' '1-pentanol' '1-hexanol'
 '1-heptanol']"
785;je5010643;['1,4-dioxane']
786;je501141e;['2,2,4,6,6-pentamethylheptane' '2,2,4,4,6,8,8-heptamethylnonane']
787;je600519p;['1-hexanol']
788;je600554h;['methyl tert-butyl ether' 'heptane' 'octane']
789;je600557n;['tetrahydropyran' '2-methyltetrahydrofuran']
790;je6005778;['1,2-butanediol' '1,3-butanediol']
791;je600578u;['dibutyl ether' 'ethanol' 'benzene']
792;je7000182;['toluene']
793;je700026d;['2-methoxyethanol' '1,2-dimethoxyethane']
794;je700029q;['methanol' '1-propanol' '2-propanol']
795;je700094y;['ethanol' '2,2,4-trimethylpentane']
796;je700099w;['1-propanol' '1-butanol' '1-pentanol']
797;je700119m;['ethanol' '2-propanol']
798;je700126z;['hexane' 'cyclohexane']
799;je700140j;['2-propanol' 'benzyl alcohol' '2-phenylethanol']
800;je700145e;['2-hexanol' '1-octanol' '1-decanol']
801;je7001804;['methanol' 'ethanol' '1-propanol']
802;je700188w;['methanol']
803;je7002513;['1,4-dimethylbenzene' '1,3-dimethylbenzene' 'xylene']
804;je700261b;['1-butanol']
805;je700266n;['benzene' '1-propanol']
806;je700281z;"['1-butanol' '2-(2-methoxyethoxy)ethanol' '3,6-dioxa-1-octanol'
 '3,6-dioxa-1-decanol']"
807;je7002836;['ethanol']
808;je700294p;['methanol' 'ethanol' '1-propanol' '1-butanol']
809;je700300y;['methanol' 'ethanol']
810;je7003066;['2-methyltetrahydrofuran']
811;je700344f;['1,4-dioxane' '1-hexanol']
812;je7003512;['ethanol' 'methanol' '2,2,4-trimethylpentane']
813;je700428f;['methyl tert-butyl ether' 'nonane' 'decane']
814;je700430g;['methanol' 'ethanol']
815;je7004374;['1,2-propanediol' '1,3-propanediol']
816;je7005727;['1-butanol' '1-pentanol' '1-hexanol' 'dibutyl ether']
817;je700577t;"['1,2-ethanediol' 'bis(2-hydroxyethyl) ether' 'triethylene glycol'
 '1,2-propanediol']"
818;je700580g;['1,2-ethanediol' '1-butanol' '1-hexanol' '1-octanol']
819;je700618y;['ethanol']
820;je700619q;['1-decanol']
821;je700648c;['methanol']
822;je7006549;"['benzene' 'toluene' 'ethylbenzene' 'xylene' '1,3-dimethylbenzene'
 '1,4-dimethylbenzene']"
823;je700672f;['bis(2-hydroxyethyl) ether']
824;je700700f;['1-propanol' '2-propanol' 'water']
825;je700710d;['ethanol']
826;je7007395;['pentane' 'hexane' 'heptane' 'octane']
827;je700741x;['ethanol' 'cyclohexane' '2-propanol']
828;je7007445;['2-propanol' '2-phenylethanol' 'benzyl alcohol']
829;je7007654;['1-butanol' 'hexadecane' '2,6,10,15,19,23-hexamethyltetracosane']
830;je800026p;['diethylene glycol monohexyl ether']
831;je800046k;['1,3,5-trimethylbenzene']
832;je800077r;['hexane']
833;je800110r;['decane']
834;je800150h;['water' 'ethanol']
835;je800157v;['benzene']
836;je800159w;['ethanol']
837;je800164w;['methanol']
838;je800244q;['hexylene glycol']
839;je8002699;['ethylbenzene' 'toluene']
840;je8002964;['heptane' 'methanol' '2-propanol' 'cyclohexane']
841;je800298n;['isopropyl ether' '2-propanol' '3-methyl-1-butanol']
842;je800325d;['xylene' '1,3-dimethylbenzene' '1,4-dimethylbenzene' 'ethylbenzene']
843;je800348s;['octane' 'decane']
844;je8003707;['cyclohexane' 'heptane']
845;je800497u;['1-propanol' '1-pentanol' '1-heptanol' '1-nonanol' 'undecyl alcohol']
846;je800503d;['triglyme' 'dimethoxytetraglycol' 'hexadecane' 'ethanol']
847;je800535c;['ethanol']
848;je800571y;['2-propanol' '2-methyl-1-propanol' '2-methyl-2-butanol']
849;je800594e;['1,4-dimethylbenzene' 'octane']
850;je8006138;['cyclohexane' 'hexane']
851;je800664z;['1,3-dioxolane' '2-propanol' '2,2,4-trimethylpentane']
852;je8006875;"['hexane' 'toluene' 'nonane' 'decane' 'undecane' 'dodecane' 'tridecane'
 'tetradecane' '1-hexanol']"
853;je8007217;['cyclohexane']
854;je8008254;['methanol' 'ethanol' '1-propanol']
855;je800831d;['cyclopentane' '1-propanol' '1-pentanol' '1-heptanol']
856;je800899w;['ethanol']
857;je800930v;['methanol' 'ethanol' '1-propanol' '1-butanol']
858;je8009336;"['cyclopentane' 'cyclohexane' 'methylcyclohexane' 'benzene' 'toluene'
 'ethylbenzene']"
859;je800940j;['cyclohexane' 'toluene']
860;je8009418;['1-pentanol' '2-methyl-2-butanol' 'cyclopentanol']
861;je800972b;['1-propanol' 'toluene']
862;je8009732;['1-propanol']
863;je800981d;['ethanol' '1-propanol']
864;je800984q;['exo-tetrahydrodicyclopentadiene']
865;je8009978;['2-methyl-1-propanol']
866;je801006q;['1-butanol' '2-methyl-1-propanol' '2-methyl-2-propanol']
867;je900042q;['isopropyl ether' '2-propanol']
868;je900048r;['water' 'ethanol']
869;je900059e;['water' 'methanol' 'ethanol' '1-propanol' '2-propanol']
870;je900194v;['benzene' 'toluene' 'xylene' '1,3-dimethylbenzene' '1,4-dimethylbenzene']
871;je900212d;['1-propanol']
872;je900259b;['cyclohexane' '2-methoxyethanol']
873;je900274n;"['1-propanol' 'methyl tert-butyl ether' 'isopropyl ether'
 'tert-amyl methyl ether']"
874;je900278v;['1-hexanol']
875;je900284z;['2,6,10,15,19,23-hexamethyltetracosane']
876;je900311v;['dodecane' 'tetradecane' 'hexadecane']
877;je900332x;['water']
878;je900337a;['1-propanol']
879;je9003959;['water']
880;je900414p;['ethanol']
881;je900442b;['methanol']
882;je9004646;['1-propanol' '2-propanol' '1-butanol']
883;je900468u;"['cyclohexane' 'methylcyclohexane' 'cyclooctane' 'benzene' 'toluene'
 'ethylbenzene']"
884;je900470r;['2-propanol' 'ethanol']
885;je900478c;"['2-butoxyethanol' '3,6-dioxa-1-decanol'
 'diethylene glycol monohexyl ether']"
886;je900481e;['methanol' '1-propanol']
887;je9004933;['1-pentanol' '1-heptanol' '1-nonanol' '2-ethyl-1-hexanol']
888;je900503p;['1-butanol']
889;je900510x;['2-(2-(2-butoxyethoxy)ethoxy)ethanol']
890;je9005129;['1-butanol' '1-pentanol']
891;je900523k;['toluene']
892;je900531b;['methanol']
893;je9005344;['2-methoxyethanol' '1-hexanol' '1-octanol' '1-decanol']
894;je900535d;['ethanol']
895;je900542y;['methanol']
896;je900557u;['hexane' 'toluene' 'ethylbenzene']
897;je9005823;['2-propanol' '2-pentanol' '2-hexanol' '2-heptanol']
898;je900586f;['1-octanol' '1-decanol']
899;je900598y;['dodecane' 'tetradecane' 'hexadecane']
900;je9006184;['ethanol, 2-ethoxy-']
901;je900643r;['hexane' '1,4-dimethylbenzene']
902;je900656c;['methanol' '2-methoxyethanol']
903;je9006597;['cyclohexane' 'hexane' 'heptane' 'octane']
904;je900669t;['cyclohexane']
905;je900689m;['benzene' 'isopropylbenzene' 'isobutylbenzene' 'butylbenzene']
906;je900715y;['heptane']
907;je900722m;['1-butanol' '2-methyl-1-propanol' '2-methyl-2-propanol']
908;je900725w;['ethanol, 2-ethoxy-']
909;je900732r;['methanol']
910;je900733j;['methanol' 'water']
911;je9008014;['2-(2-(2-ethoxyethoxy)ethoxy)ethanol']
912;je900807v;['methylcyclohexane' 'benzene' 'toluene' 'ethylbenzene']
913;je900812v;['3-methyl-1-butanol' '1-pentanol']
914;je9008624;['methanol']
915;je900864n;['1,3-propanediol' '1,4-butanediol']
916;je900906j;['methanol']
917;je900954y;['1,2-propanediol' '1,2-ethanediol' '1-heptanol' '1-hexanol']
918;je900969u;['methylcyclohexane' 'heptane']
919;je900998f;['ethanol']
920;je901020a;"['cyclopentane' 'cyclohexane' 'methylcyclohexane' 'cyclooctane' 'xylene'
 '1,3-dimethylbenzene' '1,4-dimethylbenzene' '1,3,5-trimethylbenzene']"
921;je901043q;['1-heptanol' '1-octanol' '1-nonanol' '1-decanol']
922;je901065e;['toluene' 'benzene']
923;je901067c;['1-pentanol' '2-pentanol' '3-pentanol']
924;je901072c;"['2-isopropoxyethanol' '2-butoxyethanol' '3,6-dioxa-1-decanol'
 '2,5,8-trioxanonane' 'dipropylene glycol monomethyl ether']"
925;je9010882;['1,2-ethanediol' '1-heptanol' '1-nonanol' 'ethanol' '2-ethyl-1-hexanol']
926;s10765-006-0053-2;['2,6,10,15,19,23-hexamethyltetracosane']
927;s10765-006-0100-z;['tetrahydropyran']
928;s10765-007-0259-y;['2-methylpropane']
929;s10765-008-0390-4;['1-butanol' 'benzene']
930;s10765-008-0399-8;['bis(2-hydroxyethyl) ether' 'triethylene glycol']
931;s10765-008-0444-7;['methanol']
932;s10765-008-0485-y;['dimethoxymethane' '1,2-dimethoxyethane']
933;s10765-008-0500-3;['methanol']
934;s10765-008-0503-0;['dimethoxymethane' '1,2-dimethoxyethane']
935;s10765-008-0542-6;['decane' 'octane' 'toluene' 'tetrahydrofuran']
936;s10765-009-0593-3;['dipropylene glycol monopropyl ether']
937;s10765-009-0622-2;"['hexane' 'ethylbenzene' 'xylene' '1,3-dimethylbenzene'
 '1,4-dimethylbenzene']"
938;s10765-009-0667-2;['benzene' 'toluene' 'ethylbenzene' 'heptane' 'cyclooctane']
939;s10765-010-0719-7;['3-methyl-1-butanol' '2-butoxyethanol']
940;s10765-010-0737-5;['isopropyl ether']
941;s10765-010-0752-6;['2-butoxyethanol']
942;s10765-010-0860-3;['tetrahydrofuran' '1,4-dioxane']
943;s10765-010-0862-1;['water']
944;s10765-010-0874-x;['1-hexanol']
945;s10765-011-0989-8;['methanol']
946;s10765-011-0995-x;['1-decanol']
947;s10765-011-1100-1;['methanol']
948;s10765-011-1149-x;['methanol' '1,2-ethanediol']
949;s10765-012-1373-z;['heptane']
950;s10765-013-1469-0;['1-butanol' 'dimethoxytetraglycol']
951;s10765-013-1483-2;['1-propanol' '1-butanol']
952;s10765-013-1526-8;['2-ethyl-1-hexanol' 'benzene']
